Date,Source,Medium,Quote Value,Sales Value,Year,Month
2025-01-01 00:31:58+00:00,google,organic,$0 ,$0 ,2025.0,1.0
2024-12-31 21:43:17+00:00,google,cpc,$0 ,$0 ,2024.0,12.0
2024-12-31 16:50:26+00:00,google,cpc,$0 ,$0 ,2024.0,12.0
2024-12-31 14:11:26+00:00,google,cpc,$0 ,$0 ,2024.0,12.0
2024-12-30 22:13:49+00:00,bing,cpc,$0 ,$0 ,2024.0,12.0
2024-12-30 21:56:47+00:00,google,organic,$0 ,$0 ,2024.0,12.0
2024-12-30 21:11:37+00:00,google,cpc,$0 ,$0 ,2024.0,12.0
2024-12-30 19:45:47+00:00,google,organic,$0 ,$0 ,2024.0,12.0
2024-12-30 18:43:29+00:00,google,cpc,$0 ,$0 ,2024.0,12.0
2024-12-30 16:48:48+00:00,google,cpc,$0 ,$0 ,2024.0,12.0
2024-12-30 16:40:16+00:00,google,cpc,$0 ,$0 ,2024.0,12.0
2024-12-30 16:02:17+00:00,google,cpc,$0 ,$0 ,2024.0,12.0
2024-12-30 16:00:53+00:00,google,cpc,$0 ,$0 ,2024.0,12.0
2024-12-30 03:05:47+00:00,google,organic,$0 ,$0 ,2024.0,12.0
2024-12-29 22:26:27+00:00,google,cpc,$0 ,$0 ,2024.0,12.0
2024-12-29 17:20:49+00:00,bing,cpc,$0 ,$0 ,2024.0,12.0
2024-12-29 03:15:10+00:00,google,cpc,$0 ,$0 ,2024.0,12.0
2024-12-28 22:09:40+00:00,google,cpc,$0 ,$0 ,2024.0,12.0
2024-12-28 19:32:35+00:00,google,organic,$0 ,$0 ,2024.0,12.0
2024-12-28 02:23:19+00:00,google,organic,$0 ,$0 ,2024.0,12.0
2024-12-27 23:50:40+00:00,google,cpc,$0 ,$0 ,2024.0,12.0
2024-12-27 21:35:10+00:00,bing,cpc,$0 ,$0 ,2024.0,12.0
2024-12-27 02:38:58+00:00,google,cpc,$0 ,$0 ,2024.0,12.0
2024-12-26 22:20:26+00:00,google,organic,$0 ,$0 ,2024.0,12.0
2024-12-26 21:52:18+00:00,bing,organic,$0 ,$0 ,2024.0,12.0
2024-12-26 19:02:45+00:00,google,cpc,$0 ,$0 ,2024.0,12.0
2024-12-26 18:18:04+00:00,bing,cpc,$0 ,$0 ,2024.0,12.0
2024-12-26 15:57:06+00:00,bing,cpc,$0 ,$0 ,2024.0,12.0
2024-12-26 14:48:08+00:00,google,cpc,$0 ,$0 ,2024.0,12.0
2024-12-26 13:19:32+00:00,google,cpc,$0 ,$0 ,2024.0,12.0
2024-12-26 08:26:39+00:00,google,organic,$0 ,$0 ,2024.0,12.0
2024-12-25 20:30:20+00:00,google,cpc,$0 ,$0 ,2024.0,12.0
2024-12-25 16:59:37+00:00,google,cpc,$0 ,$0 ,2024.0,12.0
2024-12-25 16:36:41+00:00,google,cpc,$0 ,$0 ,2024.0,12.0
2024-12-25 16:29:20+00:00,google,cpc,$0 ,$0 ,2024.0,12.0
2024-12-25 16:17:44+00:00,google,cpc,$0 ,$0 ,2024.0,12.0
2024-12-25 15:05:49+00:00,google,cpc,$0 ,$0 ,2024.0,12.0
2024-12-24 12:14:55+00:00,bing,cpc,$0 ,$0 ,2024.0,12.0
2024-12-24 04:09:04+00:00,google,organic,$0 ,$0 ,2024.0,12.0
2024-12-23 20:44:13+00:00,google,cpc,$0 ,$0 ,2024.0,12.0
2024-12-23 20:40:40+00:00,google,cpc,$0 ,$0 ,2024.0,12.0
2024-12-23 19:12:20+00:00,google,cpc,$0 ,$0 ,2024.0,12.0
2024-12-23 18:45:47+00:00,google,cpc,$0 ,$0 ,2024.0,12.0
2024-12-23 18:25:30+00:00,google,cpc,$0 ,$0 ,2024.0,12.0
2024-12-23 18:24:41+00:00,google,cpc,$0 ,$0 ,2024.0,12.0
2024-12-23 18:14:26+00:00,google,cpc,$0 ,$0 ,2024.0,12.0
2024-12-23 17:54:46+00:00,google,cpc,$0 ,$0 ,2024.0,12.0
2024-12-23 16:51:09+00:00,google,cpc,$0 ,$0 ,2024.0,12.0
2024-12-23 16:11:06+00:00,google,cpc,$0 ,$0 ,2024.0,12.0
2024-12-23 15:56:11+00:00,google,cpc,$0 ,$0 ,2024.0,12.0
2024-12-23 15:50:31+00:00,google,cpc,$0 ,$0 ,2024.0,12.0
2024-12-23 15:16:40+00:00,google,cpc,$0 ,$0 ,2024.0,12.0
2024-12-23 14:49:09+00:00,google,cpc,$0 ,$0 ,2024.0,12.0
2024-12-23 14:18:13+00:00,google,cpc,$0 ,$0 ,2024.0,12.0
2024-12-22 18:37:22+00:00,google,organic,$0 ,$0 ,2024.0,12.0
2024-12-22 17:52:32+00:00,bing,cpc,$0 ,$0 ,2024.0,12.0
2024-12-22 03:45:56+00:00,google,cpc,$0 ,$0 ,2024.0,12.0
2024-12-22 01:05:31+00:00,bing,cpc,$0 ,$0 ,2024.0,12.0
2024-12-21 21:47:54+00:00,google,cpc,$0 ,$0 ,2024.0,12.0
2024-12-21 18:16:17+00:00,google,cpc,$0 ,$0 ,2024.0,12.0
2024-12-21 17:37:52+00:00,google,cpc,$0 ,$0 ,2024.0,12.0
2024-12-21 05:03:16+00:00,bing,cpc,$0 ,$0 ,2024.0,12.0
2024-12-20 18:46:07+00:00,google,cpc,$0 ,$0 ,2024.0,12.0
2024-12-20 16:34:56+00:00,google,cpc,$0 ,$0 ,2024.0,12.0
2024-12-20 12:35:00+00:00,google,cpc,$0 ,$0 ,2024.0,12.0
2024-12-19 17:13:23+00:00,google,cpc,$0 ,$0 ,2024.0,12.0
2024-12-19 16:59:51+00:00,google,cpc,$0 ,$0 ,2024.0,12.0
2024-12-19 16:54:38+00:00,google,cpc,$0 ,$0 ,2024.0,12.0
2024-12-19 16:40:38+00:00,google,cpc,$0 ,$0 ,2024.0,12.0
2024-12-19 16:22:22+00:00,google,cpc,$0 ,$0 ,2024.0,12.0
2024-12-19 16:15:13+00:00,google,cpc,$0 ,$0 ,2024.0,12.0
2024-12-19 15:05:47+00:00,google,cpc,$0 ,$0 ,2024.0,12.0
2024-12-19 14:55:26+00:00,google,cpc,$0 ,$0 ,2024.0,12.0
2024-12-19 12:09:46+00:00,google,organic,$0 ,$0 ,2024.0,12.0
2024-12-19 09:34:06+00:00,google,cpc,$0 ,$0 ,2024.0,12.0
2024-12-19 01:57:00+00:00,google,cpc,$0 ,$0 ,2024.0,12.0
2024-12-19 01:08:39+00:00,google,cpc,$0 ,$0 ,2024.0,12.0
2024-12-19 00:09:34+00:00,google,cpc,$0 ,$0 ,2024.0,12.0
2024-12-18 18:35:52+00:00,bing,cpc,$0 ,$0 ,2024.0,12.0
2024-12-18 18:01:54+00:00,google,cpc,$0 ,$0 ,2024.0,12.0
2024-12-18 16:39:25+00:00,google,organic,$0 ,$0 ,2024.0,12.0
2024-12-18 02:20:55+00:00,google,cpc,$0 ,$0 ,2024.0,12.0
2024-12-17 21:04:06+00:00,google,cpc,$0 ,$0 ,2024.0,12.0
2024-12-17 18:30:16+00:00,google,cpc,$0 ,$0 ,2024.0,12.0
2024-12-17 16:21:56+00:00,google,cpc,$0 ,$0 ,2024.0,12.0
2024-12-17 14:15:33+00:00,google,cpc,$0 ,$0 ,2024.0,12.0
2024-12-17 13:21:05+00:00,google,organic,$0 ,$0 ,2024.0,12.0
2024-12-16 23:21:15+00:00,google,organic,$0 ,$0 ,2024.0,12.0
2024-12-16 21:42:42+00:00,google,organic,$0 ,$0 ,2024.0,12.0
2024-12-16 20:16:03+00:00,google,cpc,$0 ,$0 ,2024.0,12.0
2024-12-16 18:57:38+00:00,google,cpc,$0 ,$0 ,2024.0,12.0
2024-12-16 18:41:38+00:00,google,cpc,$0 ,$0 ,2024.0,12.0
2024-12-16 17:56:28+00:00,google,cpc,$0 ,$0 ,2024.0,12.0
2024-12-16 14:39:33+00:00,google,cpc,$0 ,$0 ,2024.0,12.0
2024-12-16 14:37:50+00:00,google,cpc,$0 ,$0 ,2024.0,12.0
2024-12-16 02:48:33+00:00,google,organic,$0 ,$0 ,2024.0,12.0
2024-12-15 14:32:45+00:00,google,organic,$0 ,$0 ,2024.0,12.0
2024-12-15 14:05:02+00:00,google,cpc,$0 ,$0 ,2024.0,12.0
2024-12-15 12:33:11+00:00,google,cpc,$0 ,$0 ,2024.0,12.0
2024-12-15 04:40:52+00:00,google,organic,$0 ,$0 ,2024.0,12.0
2024-12-14 21:41:53+00:00,google,organic,$0 ,$0 ,2024.0,12.0
2024-12-14 16:51:36+00:00,google,organic,$0 ,$0 ,2024.0,12.0
2024-12-14 15:48:34+00:00,google,cpc,$0 ,$0 ,2024.0,12.0
2024-12-14 02:51:12+00:00,bing,cpc,$0 ,$0 ,2024.0,12.0
2024-12-13 21:52:49+00:00,google,cpc,$0 ,$0 ,2024.0,12.0
2024-12-13 21:32:03+00:00,google,cpc,$0 ,$0 ,2024.0,12.0
2024-12-13 20:09:51+00:00,google,cpc,$0 ,$0 ,2024.0,12.0
2024-12-13 19:39:45+00:00,google,cpc,$0 ,$0 ,2024.0,12.0
2024-12-13 18:42:14+00:00,google,organic,$0 ,$0 ,2024.0,12.0
2024-12-13 18:39:30+00:00,bing,cpc,$0 ,$0 ,2024.0,12.0
2024-12-13 17:31:59+00:00,google,cpc,$0 ,$0 ,2024.0,12.0
2024-12-13 00:42:57+00:00,google,organic,$0 ,$0 ,2024.0,12.0
2024-12-12 22:51:21+00:00,bing,cpc,$0 ,$0 ,2024.0,12.0
2024-12-12 20:25:15+00:00,google,organic,$0 ,$0 ,2024.0,12.0
2024-12-12 19:07:37+00:00,google,cpc,$0 ,$0 ,2024.0,12.0
2024-12-12 17:50:45+00:00,google,cpc,$0 ,$0 ,2024.0,12.0
2024-12-12 16:42:19+00:00,google,cpc,$0 ,$0 ,2024.0,12.0
2024-12-12 16:39:31+00:00,google,cpc,$0 ,$0 ,2024.0,12.0
2024-12-12 16:27:53+00:00,google,organic,$0 ,$0 ,2024.0,12.0
2024-12-12 15:33:16+00:00,google,organic,$0 ,$0 ,2024.0,12.0
2024-12-12 15:09:15+00:00,bing,cpc,$0 ,$0 ,2024.0,12.0
2024-12-12 14:44:28+00:00,google,cpc,$0 ,$0 ,2024.0,12.0
2024-12-12 04:39:45+00:00,google,cpc,$0 ,$0 ,2024.0,12.0
2024-12-12 01:17:53+00:00,google,organic,$0 ,$0 ,2024.0,12.0
2024-12-11 23:16:12+00:00,google,cpc,$0 ,$0 ,2024.0,12.0
2024-12-11 21:58:18+00:00,google,cpc,$0 ,$0 ,2024.0,12.0
2024-12-11 21:35:00+00:00,google,organic,$0 ,$0 ,2024.0,12.0
2024-12-11 17:08:48+00:00,google,cpc,$0 ,$0 ,2024.0,12.0
2024-12-11 12:07:11+00:00,google,organic,$0 ,$0 ,2024.0,12.0
2024-12-11 00:18:53+00:00,google,cpc,$0 ,$0 ,2024.0,12.0
2024-12-10 19:53:22+00:00,google,cpc,$0 ,$0 ,2024.0,12.0
2024-12-10 19:35:02+00:00,google,cpc,$0 ,$0 ,2024.0,12.0
2024-12-10 16:59:45+00:00,bing,cpc,$0 ,$0 ,2024.0,12.0
2024-12-10 15:00:21+00:00,google,cpc,$0 ,$0 ,2024.0,12.0
2024-12-10 14:51:41+00:00,google,cpc,$0 ,$0 ,2024.0,12.0
2024-12-10 07:16:15+00:00,google,organic,$0 ,$0 ,2024.0,12.0
2024-12-10 03:15:50+00:00,google,cpc,$0 ,$0 ,2024.0,12.0
2024-12-10 00:32:08+00:00,google,cpc,$0 ,$0 ,2024.0,12.0
2024-12-09 20:31:50+00:00,google,cpc,$0 ,$0 ,2024.0,12.0
2024-12-09 20:30:30+00:00,google,organic,$0 ,$0 ,2024.0,12.0
2024-12-09 19:40:49+00:00,google,cpc,$0 ,$0 ,2024.0,12.0
2024-12-09 18:55:47+00:00,google,cpc,$0 ,$0 ,2024.0,12.0
2024-12-09 15:43:53+00:00,google,cpc,$0 ,$0 ,2024.0,12.0
2024-12-09 14:40:36+00:00,google,cpc,$0 ,$0 ,2024.0,12.0
2024-12-09 14:37:18+00:00,google,cpc,$0 ,$0 ,2024.0,12.0
2024-12-09 14:25:20+00:00,google,cpc,$0 ,$0 ,2024.0,12.0
2024-12-09 14:04:37+00:00,google,cpc,$0 ,$0 ,2024.0,12.0
2024-12-09 13:27:00+00:00,google,cpc,$0 ,$0 ,2024.0,12.0
2024-12-08 17:51:17+00:00,google,organic,$0 ,$0 ,2024.0,12.0
2024-12-08 01:03:02+00:00,google,organic,$0 ,$0 ,2024.0,12.0
2024-12-07 23:51:13+00:00,google,cpc,$0 ,$0 ,2024.0,12.0
2024-12-07 20:51:08+00:00,google,cpc,$0 ,$0 ,2024.0,12.0
2024-12-07 19:02:13+00:00,google,cpc,$0 ,$0 ,2024.0,12.0
2024-12-07 18:20:47+00:00,google,cpc,$0 ,$0 ,2024.0,12.0
2024-12-07 17:00:30+00:00,google,cpc,$0 ,$0 ,2024.0,12.0
2024-12-07 14:56:12+00:00,google,cpc,$0 ,$0 ,2024.0,12.0
2024-12-07 01:28:51+00:00,google,organic,$0 ,$0 ,2024.0,12.0
2024-12-06 22:12:49+00:00,google,cpc,$0 ,$0 ,2024.0,12.0
2024-12-06 18:27:03+00:00,google,organic,$0 ,$0 ,2024.0,12.0
2024-12-06 17:15:57+00:00,google,cpc,$0 ,$0 ,2024.0,12.0
2024-12-06 17:11:28+00:00,google,cpc,$0 ,$0 ,2024.0,12.0
2024-12-06 14:59:07+00:00,google,organic,$0 ,$0 ,2024.0,12.0
2024-12-06 14:30:00+00:00,google,cpc,$0 ,$0 ,2024.0,12.0
2024-12-06 13:27:19+00:00,google,cpc,$0 ,$0 ,2024.0,12.0
2024-12-06 03:50:29+00:00,bing,cpc,$0 ,$0 ,2024.0,12.0
2024-12-05 22:15:15+00:00,google,organic,$0 ,$0 ,2024.0,12.0
2024-12-05 22:09:32+00:00,google,cpc,$0 ,$0 ,2024.0,12.0
2024-12-05 19:07:09+00:00,google,organic,$0 ,$0 ,2024.0,12.0
2024-12-05 18:00:22+00:00,google,cpc,$0 ,$0 ,2024.0,12.0
2024-12-05 16:24:17+00:00,google,cpc,$0 ,$0 ,2024.0,12.0
2024-12-05 00:56:35+00:00,google,cpc,$0 ,$0 ,2024.0,12.0
2024-12-05 00:31:35+00:00,google,organic,$0 ,$0 ,2024.0,12.0
2024-12-04 21:37:15+00:00,google,cpc,$0 ,$0 ,2024.0,12.0
2024-12-04 20:54:07+00:00,google,cpc,$0 ,$0 ,2024.0,12.0
2024-12-04 19:53:17+00:00,google,cpc,$0 ,$0 ,2024.0,12.0
2024-12-04 18:43:55+00:00,google,organic,$0 ,$0 ,2024.0,12.0
2024-12-04 17:47:36+00:00,google,cpc,$0 ,$0 ,2024.0,12.0
2024-12-04 16:56:52+00:00,google,cpc,$0 ,$0 ,2024.0,12.0
2024-12-04 16:44:53+00:00,google,organic,$0 ,$0 ,2024.0,12.0
2024-12-04 15:51:42+00:00,google,cpc,$0 ,$0 ,2024.0,12.0
2024-12-04 15:16:47+00:00,bing,cpc,$0 ,$0 ,2024.0,12.0
2024-12-04 10:10:40+00:00,google,cpc,$0 ,$0 ,2024.0,12.0
2024-12-04 01:34:50+00:00,google,cpc,$0 ,$0 ,2024.0,12.0
2024-12-03 22:31:10+00:00,google,organic,$0 ,$0 ,2024.0,12.0
2024-12-03 21:42:47+00:00,google,cpc,$0 ,$0 ,2024.0,12.0
2024-12-03 21:24:50+00:00,google,cpc,$0 ,$0 ,2024.0,12.0
2024-12-03 20:14:48+00:00,google,organic,$0 ,$0 ,2024.0,12.0
2024-12-03 19:24:30+00:00,google,cpc,$0 ,$0 ,2024.0,12.0
2024-12-03 19:01:08+00:00,google,organic,$0 ,$0 ,2024.0,12.0
2024-12-03 18:54:54+00:00,google,cpc,$0 ,$0 ,2024.0,12.0
2024-12-03 18:52:48+00:00,google,organic,$0 ,$0 ,2024.0,12.0
2024-12-03 18:04:04+00:00,google,organic,$0 ,$0 ,2024.0,12.0
2024-12-03 17:58:29+00:00,google,organic,$0 ,$0 ,2024.0,12.0
2024-12-03 01:39:49+00:00,google,organic,$0 ,$0 ,2024.0,12.0
2024-12-02 23:57:27+00:00,bing,cpc,$0 ,$0 ,2024.0,12.0
2024-12-02 22:44:15+00:00,google,organic,$0 ,$0 ,2024.0,12.0
2024-12-02 19:09:53+00:00,google,organic,$0 ,$0 ,2024.0,12.0
2024-12-02 18:46:07+00:00,google,cpc,$0 ,$0 ,2024.0,12.0
2024-12-02 18:33:15+00:00,bing,cpc,$0 ,$0 ,2024.0,12.0
2024-12-02 17:18:59+00:00,google,cpc,$0 ,$0 ,2024.0,12.0
2024-12-02 17:17:35+00:00,google,organic,$0 ,$0 ,2024.0,12.0
2024-12-02 16:48:22+00:00,google,organic,$0 ,$0 ,2024.0,12.0
2024-12-02 16:45:15+00:00,google,cpc,$0 ,$0 ,2024.0,12.0
2024-12-02 15:30:00+00:00,google,organic,$0 ,$0 ,2024.0,12.0
2024-12-02 14:28:43+00:00,google,organic,$0 ,$0 ,2024.0,12.0
2024-12-02 07:40:50+00:00,google,organic,$0 ,$0 ,2024.0,12.0
2024-12-02 07:22:28+00:00,bing,cpc,$0 ,$0 ,2024.0,12.0
2024-12-02 04:14:11+00:00,google,cpc,$0 ,$0 ,2024.0,12.0
2024-12-01 22:18:38+00:00,google,cpc,$0 ,$0 ,2024.0,12.0
2024-12-01 17:45:44+00:00,google,cpc,$0 ,$0 ,2024.0,12.0
2024-12-01 02:54:37+00:00,google,organic,$0 ,$0 ,2024.0,12.0
2024-12-01 01:34:01+00:00,google,cpc,$0 ,$0 ,2024.0,12.0
2024-11-30 13:03:55+00:00,bing,cpc,$0 ,$0 ,2024.0,11.0
2024-11-29 22:46:58+00:00,bing,cpc,$0 ,$0 ,2024.0,11.0
2024-11-29 22:34:49+00:00,google,organic,$0 ,$0 ,2024.0,11.0
2024-11-29 21:53:28+00:00,bing,cpc,$0 ,$0 ,2024.0,11.0
2024-11-29 21:05:51+00:00,google,organic,$0 ,$0 ,2024.0,11.0
2024-11-29 19:23:54+00:00,google,cpc,$0 ,$0 ,2024.0,11.0
2024-11-29 16:07:08+00:00,google,cpc,$0 ,$0 ,2024.0,11.0
2024-11-29 01:41:57+00:00,google,organic,$0 ,$0 ,2024.0,11.0
2024-11-28 16:05:11+00:00,google,cpc,$0 ,$0 ,2024.0,11.0
2024-11-28 14:58:15+00:00,google,organic,$0 ,$0 ,2024.0,11.0
2024-11-28 02:00:36+00:00,bing,cpc,$0 ,$0 ,2024.0,11.0
2024-11-27 21:53:49+00:00,google,cpc,$0 ,$0 ,2024.0,11.0
2024-11-27 20:30:21+00:00,google,organic,$0 ,$0 ,2024.0,11.0
2024-11-27 18:26:40+00:00,google,organic,$0 ,$0 ,2024.0,11.0
2024-11-27 16:01:03+00:00,google,cpc,$0 ,$0 ,2024.0,11.0
2024-11-27 10:45:14+00:00,google,cpc,$0 ,$0 ,2024.0,11.0
2024-11-26 22:04:04+00:00,google,organic,$0 ,$0 ,2024.0,11.0
2024-11-26 21:46:37+00:00,google,organic,$0 ,$0 ,2024.0,11.0
2024-11-26 21:09:56+00:00,bing,cpc,$0 ,$0 ,2024.0,11.0
2024-11-26 19:10:21+00:00,google,cpc,$0 ,$0 ,2024.0,11.0
2024-11-26 18:23:00+00:00,google,cpc,$0 ,$0 ,2024.0,11.0
2024-11-26 18:09:51+00:00,google,organic,$0 ,$0 ,2024.0,11.0
2024-11-26 15:17:12+00:00,google,organic,$0 ,$0 ,2024.0,11.0
2024-11-26 14:21:12+00:00,google,organic,$0 ,$0 ,2024.0,11.0
2024-11-26 14:20:08+00:00,google,cpc,$0 ,$0 ,2024.0,11.0
2024-11-26 00:44:33+00:00,bing,cpc,$0 ,$0 ,2024.0,11.0
2024-11-25 23:43:21+00:00,bing,cpc,$0 ,$0 ,2024.0,11.0
2024-11-25 23:09:37+00:00,google,organic,$0 ,$0 ,2024.0,11.0
2024-11-25 22:25:28+00:00,google,organic,$0 ,$0 ,2024.0,11.0
2024-11-25 21:18:51+00:00,google,cpc,$0 ,$0 ,2024.0,11.0
2024-11-25 18:16:53+00:00,google,cpc,$0 ,$0 ,2024.0,11.0
2024-11-25 17:59:01+00:00,google,cpc,$0 ,$0 ,2024.0,11.0
2024-11-25 17:28:52+00:00,google,cpc,$0 ,$0 ,2024.0,11.0
2024-11-25 16:48:12+00:00,google,cpc,$0 ,$0 ,2024.0,11.0
2024-11-25 16:01:21+00:00,bing,cpc,$0 ,$0 ,2024.0,11.0
2024-11-25 02:51:48+00:00,google,organic,$0 ,$0 ,2024.0,11.0
2024-11-24 23:42:46+00:00,google,organic,$0 ,$0 ,2024.0,11.0
2024-11-24 23:38:10+00:00,google,organic,$0 ,$0 ,2024.0,11.0
2024-11-24 22:12:54+00:00,google,organic,$0 ,$0 ,2024.0,11.0
2024-11-24 19:30:59+00:00,google,cpc,$0 ,$0 ,2024.0,11.0
2024-11-24 15:38:34+00:00,google,organic,$0 ,$0 ,2024.0,11.0
2024-11-24 07:27:04+00:00,google,organic,$0 ,$0 ,2024.0,11.0
2024-11-23 21:22:02+00:00,google,cpc,$0 ,$0 ,2024.0,11.0
2024-11-23 17:09:18+00:00,google,cpc,$0 ,$0 ,2024.0,11.0
2024-11-22 20:38:19+00:00,google,cpc,$0 ,$0 ,2024.0,11.0
2024-11-22 20:35:01+00:00,google,cpc,$0 ,$0 ,2024.0,11.0
2024-11-22 20:23:56+00:00,bing,organic,$0 ,$0 ,2024.0,11.0
2024-11-22 20:20:30+00:00,google,organic,$0 ,$0 ,2024.0,11.0
2024-11-22 20:07:10+00:00,google,organic,$0 ,$0 ,2024.0,11.0
2024-11-22 19:21:42+00:00,google,cpc,$0 ,$0 ,2024.0,11.0
2024-11-22 19:04:09+00:00,google,organic,$0 ,$0 ,2024.0,11.0
2024-11-22 15:42:29+00:00,google,cpc,$0 ,$0 ,2024.0,11.0
2024-11-22 14:31:42+00:00,google,organic,$0 ,$0 ,2024.0,11.0
2024-11-21 22:51:54+00:00,bing,cpc,$0 ,$0 ,2024.0,11.0
2024-11-21 21:58:48+00:00,google,cpc,$0 ,$0 ,2024.0,11.0
2024-11-21 20:59:36+00:00,google,cpc,$0 ,$0 ,2024.0,11.0
2024-11-21 17:37:41+00:00,google,cpc,$0 ,$0 ,2024.0,11.0
2024-11-21 17:13:42+00:00,bing,organic,$0 ,$0 ,2024.0,11.0
2024-11-21 15:20:44+00:00,google,organic,$0 ,$0 ,2024.0,11.0
2024-11-21 14:02:56+00:00,google,cpc,$0 ,$0 ,2024.0,11.0
2024-11-21 12:13:50+00:00,google,cpc,$0 ,$0 ,2024.0,11.0
2024-11-21 10:40:31+00:00,google,organic,$0 ,$0 ,2024.0,11.0
2024-11-21 09:27:49+00:00,google,cpc,$0 ,$0 ,2024.0,11.0
2024-11-21 02:32:12+00:00,google,cpc,$0 ,$0 ,2024.0,11.0
2024-11-21 00:10:49+00:00,google,cpc,$0 ,$0 ,2024.0,11.0
2024-11-20 22:18:56+00:00,google,organic,$0 ,$0 ,2024.0,11.0
2024-11-20 21:59:56+00:00,google,cpc,$0 ,$0 ,2024.0,11.0
2024-11-20 21:34:19+00:00,google,organic,$0 ,$0 ,2024.0,11.0
2024-11-20 19:40:04+00:00,google,cpc,$0 ,$0 ,2024.0,11.0
2024-11-20 18:56:28+00:00,google,organic,$0 ,$0 ,2024.0,11.0
2024-11-20 18:55:13+00:00,google,cpc,$0 ,$0 ,2024.0,11.0
2024-11-20 18:21:19+00:00,google,organic,$0 ,$0 ,2024.0,11.0
2024-11-20 17:54:58+00:00,google,organic,$0 ,$0 ,2024.0,11.0
2024-11-20 17:28:44+00:00,google,organic,$0 ,$0 ,2024.0,11.0
2024-11-20 15:19:35+00:00,google,organic,$0 ,$0 ,2024.0,11.0
2024-11-20 14:31:26+00:00,google,cpc,$0 ,$0 ,2024.0,11.0
2024-11-20 12:19:44+00:00,google,organic,$0 ,$0 ,2024.0,11.0
2024-11-19 22:45:22+00:00,google,organic,$0 ,$0 ,2024.0,11.0
2024-11-19 22:30:32+00:00,bing,cpc,$0 ,$0 ,2024.0,11.0
2024-11-19 21:35:45+00:00,google,cpc,$0 ,$0 ,2024.0,11.0
2024-11-19 20:56:31+00:00,google,organic,$0 ,$0 ,2024.0,11.0
2024-11-19 19:37:19+00:00,google,organic,$0 ,$0 ,2024.0,11.0
2024-11-19 19:20:46+00:00,google,organic,$0 ,$0 ,2024.0,11.0
2024-11-19 18:44:25+00:00,google,organic,$0 ,$0 ,2024.0,11.0
2024-11-19 18:18:36+00:00,google,organic,$0 ,$0 ,2024.0,11.0
2024-11-19 17:56:40+00:00,google,organic,$0 ,$0 ,2024.0,11.0
2024-11-19 17:49:37+00:00,google,cpc,$0 ,$0 ,2024.0,11.0
2024-11-19 16:56:20+00:00,google,organic,$0 ,$0 ,2024.0,11.0
2024-11-19 16:22:21+00:00,google,organic,$0 ,$0 ,2024.0,11.0
2024-11-19 15:21:20+00:00,google,cpc,$0 ,$0 ,2024.0,11.0
2024-11-19 14:27:20+00:00,bing,organic,$0 ,$0 ,2024.0,11.0
2024-11-19 14:01:43+00:00,google,cpc,$0 ,$0 ,2024.0,11.0
2024-11-19 00:40:02+00:00,google,cpc,$0 ,$0 ,2024.0,11.0
2024-11-19 00:12:33+00:00,google,organic,$0 ,$0 ,2024.0,11.0
2024-11-18 22:06:45+00:00,google,organic,$0 ,$0 ,2024.0,11.0
2024-11-18 19:00:26+00:00,google,cpc,$0 ,$0 ,2024.0,11.0
2024-11-18 18:15:47+00:00,google,cpc,$0 ,$0 ,2024.0,11.0
2024-11-18 17:17:27+00:00,google,organic,$0 ,$0 ,2024.0,11.0
2024-11-18 17:10:30+00:00,google,cpc,$0 ,$0 ,2024.0,11.0
2024-11-18 17:08:29+00:00,google,cpc,$0 ,$0 ,2024.0,11.0
2024-11-18 16:25:40+00:00,google,cpc,$0 ,$0 ,2024.0,11.0
2024-11-18 16:22:05+00:00,google,cpc,$0 ,$0 ,2024.0,11.0
2024-11-18 15:36:52+00:00,google,cpc,$0 ,$0 ,2024.0,11.0
2024-11-18 15:14:46+00:00,google,cpc,$0 ,$0 ,2024.0,11.0
2024-11-18 15:09:41+00:00,bing,cpc,$0 ,$0 ,2024.0,11.0
2024-11-18 15:02:39+00:00,google,cpc,$0 ,$0 ,2024.0,11.0
2024-11-18 13:19:26+00:00,google,cpc,$0 ,$0 ,2024.0,11.0
2024-11-18 13:00:42+00:00,google,cpc,$0 ,$0 ,2024.0,11.0
2024-11-18 12:44:58+00:00,google,cpc,$0 ,$0 ,2024.0,11.0
2024-11-18 01:16:59+00:00,google,organic,$0 ,$0 ,2024.0,11.0
2024-11-17 20:46:06+00:00,google,cpc,$0 ,$0 ,2024.0,11.0
2024-11-17 18:18:49+00:00,google,cpc,$0 ,$0 ,2024.0,11.0
2024-11-17 17:25:28+00:00,google,cpc,$0 ,$0 ,2024.0,11.0
2024-11-17 17:00:26+00:00,google,cpc,$0 ,$0 ,2024.0,11.0
2024-11-17 14:13:22+00:00,google,organic,$0 ,$0 ,2024.0,11.0
2024-11-17 13:09:13+00:00,google,cpc,$0 ,$0 ,2024.0,11.0
2024-11-17 03:11:06+00:00,google,organic,$0 ,$0 ,2024.0,11.0
2024-11-16 21:55:52+00:00,google,organic,$0 ,$0 ,2024.0,11.0
2024-11-16 19:36:00+00:00,google,organic,$0 ,$0 ,2024.0,11.0
2024-11-16 18:59:00+00:00,google,organic,$0 ,$0 ,2024.0,11.0
2024-11-16 18:48:51+00:00,bing,cpc,$0 ,$0 ,2024.0,11.0
2024-11-16 18:06:49+00:00,google,cpc,$0 ,$0 ,2024.0,11.0
2024-11-15 19:28:22+00:00,google,cpc,$0 ,$0 ,2024.0,11.0
2024-11-15 18:49:59+00:00,google,organic,$0 ,$0 ,2024.0,11.0
2024-11-15 17:09:16+00:00,google,organic,$0 ,$0 ,2024.0,11.0
2024-11-15 17:04:43+00:00,google,cpc,$0 ,$0 ,2024.0,11.0
2024-11-15 16:58:29+00:00,google,cpc,$0 ,$0 ,2024.0,11.0
2024-11-15 16:50:37+00:00,google,cpc,$0 ,$0 ,2024.0,11.0
2024-11-15 15:31:23+00:00,google,cpc,$0 ,$0 ,2024.0,11.0
2024-11-15 15:27:42+00:00,google,cpc,$0 ,$0 ,2024.0,11.0
2024-11-15 15:15:40+00:00,google,cpc,$0 ,$0 ,2024.0,11.0
2024-11-15 14:53:47+00:00,google,cpc,$0 ,$0 ,2024.0,11.0
2024-11-15 14:45:00+00:00,google,organic,$0 ,$0 ,2024.0,11.0
2024-11-15 14:42:56+00:00,google,cpc,$0 ,$0 ,2024.0,11.0
2024-11-15 12:47:13+00:00,google,organic,$0 ,$0 ,2024.0,11.0
2024-11-15 05:21:17+00:00,google,cpc,$0 ,$0 ,2024.0,11.0
2024-11-15 04:40:12+00:00,google,organic,$0 ,$0 ,2024.0,11.0
2024-11-15 01:08:07+00:00,google,cpc,$0 ,$0 ,2024.0,11.0
2024-11-14 23:57:22+00:00,google,cpc,$0 ,$0 ,2024.0,11.0
2024-11-14 22:58:15+00:00,google,organic,$0 ,$0 ,2024.0,11.0
2024-11-14 22:37:42+00:00,google,organic,$0 ,$0 ,2024.0,11.0
2024-11-14 22:23:38+00:00,google,cpc,$0 ,$0 ,2024.0,11.0
2024-11-14 16:11:03+00:00,google,organic,$0 ,$0 ,2024.0,11.0
2024-11-14 15:50:03+00:00,google,cpc,$0 ,$0 ,2024.0,11.0
2024-11-14 13:13:39+00:00,google,cpc,$0 ,$0 ,2024.0,11.0
2024-11-14 00:24:05+00:00,google,organic,$0 ,$0 ,2024.0,11.0
2024-11-13 21:58:55+00:00,google,cpc,$0 ,$0 ,2024.0,11.0
2024-11-13 21:36:02+00:00,google,cpc,$0 ,$0 ,2024.0,11.0
2024-11-13 21:21:23+00:00,google,cpc,$0 ,$0 ,2024.0,11.0
2024-11-13 21:10:45+00:00,google,cpc,$0 ,$0 ,2024.0,11.0
2024-11-13 19:37:32+00:00,google,cpc,$0 ,$0 ,2024.0,11.0
2024-11-13 18:27:01+00:00,google,cpc,$0 ,$0 ,2024.0,11.0
2024-11-13 18:15:40+00:00,google,cpc,$0 ,$0 ,2024.0,11.0
2024-11-13 17:28:53+00:00,google,cpc,$0 ,$0 ,2024.0,11.0
2024-11-13 17:27:13+00:00,google,organic,$0 ,$0 ,2024.0,11.0
2024-11-13 17:17:53+00:00,google,cpc,$0 ,$0 ,2024.0,11.0
2024-11-13 17:16:46+00:00,google,cpc,$0 ,$0 ,2024.0,11.0
2024-11-13 17:05:02+00:00,google,cpc,$0 ,$0 ,2024.0,11.0
2024-11-13 16:58:35+00:00,google,organic,$0 ,$0 ,2024.0,11.0
2024-11-13 16:45:10+00:00,google,cpc,$0 ,$0 ,2024.0,11.0
2024-11-13 16:26:11+00:00,google,cpc,$0 ,$0 ,2024.0,11.0
2024-11-13 15:19:28+00:00,google,organic,$0 ,$0 ,2024.0,11.0
2024-11-13 14:34:14+00:00,google,cpc,$0 ,$0 ,2024.0,11.0
2024-11-13 13:49:56+00:00,google,cpc,$0 ,$0 ,2024.0,11.0
2024-11-13 11:03:35+00:00,google,cpc,$0 ,$0 ,2024.0,11.0
2024-11-13 00:57:55+00:00,google,organic,$0 ,$0 ,2024.0,11.0
2024-11-12 22:39:39+00:00,google,organic,$0 ,$0 ,2024.0,11.0
2024-11-12 21:54:38+00:00,google,cpc,$0 ,$0 ,2024.0,11.0
2024-11-12 20:49:20+00:00,google,organic,$0 ,$0 ,2024.0,11.0
2024-11-12 19:54:43+00:00,google,organic,$0 ,$0 ,2024.0,11.0
2024-11-12 19:06:53+00:00,google,cpc,$0 ,$0 ,2024.0,11.0
2024-11-12 18:50:05+00:00,google,cpc,$0 ,$0 ,2024.0,11.0
2024-11-12 17:54:24+00:00,google,cpc,$0 ,$0 ,2024.0,11.0
2024-11-12 16:08:10+00:00,google,cpc,$0 ,$0 ,2024.0,11.0
2024-11-12 15:14:39+00:00,google,cpc,$0 ,$0 ,2024.0,11.0
2024-11-12 14:22:45+00:00,google,organic,$0 ,$0 ,2024.0,11.0
2024-11-12 06:13:31+00:00,google,organic,$0 ,$0 ,2024.0,11.0
2024-11-12 01:00:53+00:00,google,cpc,$0 ,$0 ,2024.0,11.0
2024-11-11 23:03:12+00:00,google,cpc,$0 ,$0 ,2024.0,11.0
2024-11-11 21:53:32+00:00,google,cpc,$0 ,$0 ,2024.0,11.0
2024-11-11 21:40:19+00:00,google,cpc,$0 ,$0 ,2024.0,11.0
2024-11-11 21:29:58+00:00,google,organic,$0 ,$0 ,2024.0,11.0
2024-11-11 20:15:07+00:00,google,cpc,$0 ,$0 ,2024.0,11.0
2024-11-11 19:04:51+00:00,google,cpc,$0 ,$0 ,2024.0,11.0
2024-11-11 18:59:08+00:00,google,organic,$0 ,$0 ,2024.0,11.0
2024-11-11 17:59:27+00:00,google,cpc,$0 ,$0 ,2024.0,11.0
2024-11-11 17:26:54+00:00,google,cpc,$0 ,$0 ,2024.0,11.0
2024-11-11 16:22:45+00:00,google,cpc,$0 ,$0 ,2024.0,11.0
2024-11-11 15:21:27+00:00,google,cpc,$0 ,$0 ,2024.0,11.0
2024-11-11 15:10:47+00:00,google,cpc,$0 ,$0 ,2024.0,11.0
2024-11-11 15:00:41+00:00,google,cpc,$0 ,$0 ,2024.0,11.0
2024-11-11 14:50:25+00:00,bing,cpc,$0 ,$0 ,2024.0,11.0
2024-11-10 21:30:04+00:00,bing,cpc,$0 ,$0 ,2024.0,11.0
2024-11-10 19:50:52+00:00,google,organic,$0 ,$0 ,2024.0,11.0
2024-11-10 19:11:39+00:00,google,organic,$0 ,$0 ,2024.0,11.0
2024-11-10 19:09:52+00:00,bing,organic,$0 ,$0 ,2024.0,11.0
2024-11-10 15:56:57+00:00,google,organic,$0 ,$0 ,2024.0,11.0
2024-11-10 15:45:47+00:00,google,cpc,$0 ,$0 ,2024.0,11.0
2024-11-10 12:38:30+00:00,google,organic,$0 ,$0 ,2024.0,11.0
2024-11-10 08:39:30+00:00,google,cpc,$0 ,$0 ,2024.0,11.0
2024-11-10 01:00:05+00:00,google,organic,$0 ,$0 ,2024.0,11.0
2024-11-09 23:55:32+00:00,google,cpc,$0 ,$0 ,2024.0,11.0
2024-11-09 23:50:38+00:00,google,cpc,$0 ,$0 ,2024.0,11.0
2024-11-09 22:51:24+00:00,google,cpc,$0 ,$0 ,2024.0,11.0
2024-11-09 16:17:46+00:00,google,cpc,$0 ,$0 ,2024.0,11.0
2024-11-09 15:51:41+00:00,google,cpc,$0 ,$0 ,2024.0,11.0
2024-11-09 14:02:10+00:00,google,cpc,$0 ,$0 ,2024.0,11.0
2024-11-09 13:41:36+00:00,google,cpc,$0 ,$0 ,2024.0,11.0
2024-11-09 01:59:09+00:00,google,cpc,$0 ,$0 ,2024.0,11.0
2024-11-09 01:45:47+00:00,google,cpc,$0 ,$0 ,2024.0,11.0
2024-11-09 01:36:07+00:00,google,organic,$0 ,$0 ,2024.0,11.0
2024-11-09 01:31:47+00:00,google,organic,$0 ,$0 ,2024.0,11.0
2024-11-09 00:07:59+00:00,google,organic,$0 ,$0 ,2024.0,11.0
2024-11-08 23:49:28+00:00,google,cpc,$0 ,$0 ,2024.0,11.0
2024-11-08 23:49:14+00:00,google,organic,$0 ,$0 ,2024.0,11.0
2024-11-08 22:00:05+00:00,google,cpc,$0 ,$0 ,2024.0,11.0
2024-11-08 21:36:59+00:00,google,organic,$0 ,$0 ,2024.0,11.0
2024-11-08 20:59:12+00:00,google,cpc,$0 ,$0 ,2024.0,11.0
2024-11-08 20:58:47+00:00,google,cpc,$0 ,$0 ,2024.0,11.0
2024-11-08 20:58:42+00:00,google,cpc,$0 ,$0 ,2024.0,11.0
2024-11-08 20:00:51+00:00,google,organic,$0 ,$0 ,2024.0,11.0
2024-11-08 16:56:42+00:00,google,organic,$0 ,$0 ,2024.0,11.0
2024-11-08 15:47:59+00:00,google,organic,$0 ,$0 ,2024.0,11.0
2024-11-08 15:31:19+00:00,google,organic,$0 ,$0 ,2024.0,11.0
2024-11-08 13:04:37+00:00,google,cpc,$0 ,$0 ,2024.0,11.0
2024-11-07 22:29:10+00:00,google,organic,$0 ,$0 ,2024.0,11.0
2024-11-07 22:26:57+00:00,google,cpc,$0 ,$0 ,2024.0,11.0
2024-11-07 20:46:03+00:00,google,organic,$0 ,$0 ,2024.0,11.0
2024-11-07 19:33:36+00:00,google,organic,$0 ,$0 ,2024.0,11.0
2024-11-07 18:06:50+00:00,google,organic,$0 ,$0 ,2024.0,11.0
2024-11-07 17:44:03+00:00,google,cpc,$0 ,$0 ,2024.0,11.0
2024-11-07 15:12:06+00:00,google,organic,$0 ,$0 ,2024.0,11.0
2024-11-07 15:03:54+00:00,bing,cpc,$0 ,$0 ,2024.0,11.0
2024-11-07 14:57:44+00:00,google,cpc,$0 ,$0 ,2024.0,11.0
2024-11-07 14:16:28+00:00,google,cpc,$0 ,$0 ,2024.0,11.0
2024-11-06 20:33:10+00:00,google,cpc,$0 ,$0 ,2024.0,11.0
2024-11-06 19:54:24+00:00,google,cpc,$0 ,$0 ,2024.0,11.0
2024-11-06 19:19:06+00:00,google,cpc,$0 ,$0 ,2024.0,11.0
2024-11-06 18:44:16+00:00,google,organic,$0 ,$0 ,2024.0,11.0
2024-11-06 18:10:15+00:00,google,organic,$0 ,$0 ,2024.0,11.0
2024-11-06 17:59:03+00:00,google,cpc,$0 ,$0 ,2024.0,11.0
2024-11-06 17:48:27+00:00,google,cpc,$0 ,$0 ,2024.0,11.0
2024-11-06 17:07:51+00:00,google,cpc,$0 ,$0 ,2024.0,11.0
2024-11-06 16:04:25+00:00,google,cpc,$0 ,$0 ,2024.0,11.0
2024-11-06 14:52:22+00:00,google,cpc,$0 ,$0 ,2024.0,11.0
2024-11-06 14:18:51+00:00,google,cpc,$0 ,$0 ,2024.0,11.0
2024-11-06 13:28:40+00:00,google,cpc,$0 ,$0 ,2024.0,11.0
2024-11-06 12:13:19+00:00,google,cpc,$0 ,$0 ,2024.0,11.0
2024-11-06 06:47:21+00:00,google,cpc,$0 ,$0 ,2024.0,11.0
2024-11-06 05:31:21+00:00,google,cpc,$0 ,$0 ,2024.0,11.0
2024-11-06 05:06:29+00:00,google,cpc,$0 ,$0 ,2024.0,11.0
2024-11-06 03:29:33+00:00,bing,cpc,$0 ,$0 ,2024.0,11.0
2024-11-05 22:07:42+00:00,bing,cpc,$0 ,$0 ,2024.0,11.0
2024-11-05 21:21:59+00:00,google,cpc,$0 ,$0 ,2024.0,11.0
2024-11-05 21:13:15+00:00,google,organic,$0 ,$0 ,2024.0,11.0
2024-11-05 20:36:31+00:00,google,cpc,$0 ,$0 ,2024.0,11.0
2024-11-05 17:41:29+00:00,google,organic,$0 ,$0 ,2024.0,11.0
2024-11-05 17:19:03+00:00,google,cpc,$0 ,$0 ,2024.0,11.0
2024-11-05 17:18:12+00:00,google,cpc,$0 ,$0 ,2024.0,11.0
2024-11-05 15:13:38+00:00,google,cpc,$0 ,$0 ,2024.0,11.0
2024-11-05 14:44:55+00:00,google,cpc,$0 ,$0 ,2024.0,11.0
2024-11-05 14:09:35+00:00,google,cpc,$0 ,$0 ,2024.0,11.0
2024-11-05 13:57:26+00:00,bing,organic,$0 ,$0 ,2024.0,11.0
2024-11-04 22:38:29+00:00,google,cpc,$0 ,$0 ,2024.0,11.0
2024-11-04 21:56:46+00:00,google,cpc,$0 ,$0 ,2024.0,11.0
2024-11-04 21:00:49+00:00,google,organic,$0 ,$0 ,2024.0,11.0
2024-11-04 18:11:11+00:00,google,cpc,$0 ,$0 ,2024.0,11.0
2024-11-04 18:03:57+00:00,google,cpc,$0 ,$0 ,2024.0,11.0
2024-11-04 16:42:00+00:00,google,cpc,$0 ,$0 ,2024.0,11.0
2024-11-04 16:13:27+00:00,google,cpc,$0 ,$0 ,2024.0,11.0
2024-11-04 15:59:52+00:00,google,cpc,$0 ,$0 ,2024.0,11.0
2024-11-04 13:28:54+00:00,google,cpc,$0 ,$0 ,2024.0,11.0
2024-11-04 11:14:58+00:00,google,cpc,$0 ,$0 ,2024.0,11.0
2024-11-03 22:19:04+00:00,google,organic,$0 ,$0 ,2024.0,11.0
2024-11-03 20:52:06+00:00,google,cpc,$0 ,$0 ,2024.0,11.0
2024-11-03 16:32:52+00:00,google,cpc,$0 ,$0 ,2024.0,11.0
2024-11-03 16:08:06+00:00,google,organic,$0 ,$0 ,2024.0,11.0
2024-11-03 14:23:57+00:00,google,organic,$0 ,$0 ,2024.0,11.0
2024-11-03 12:36:10+00:00,google,organic,$0 ,$0 ,2024.0,11.0
,google,cpc,$0 ,$0 ,,
,google,cpc,$0 ,$0 ,,
,google,organic,$0 ,$0 ,,
,google,cpc,$0 ,$0 ,,
,google,cpc,$0 ,$0 ,,
,google,organic,$0 ,$0 ,,
,google,organic,$0 ,$0 ,,
,google,cpc,$0 ,$0 ,,
,google,cpc,$0 ,$0 ,,
,google,organic,$0 ,$0 ,,
,google,cpc,$0 ,$0 ,,
,google,cpc,$0 ,$0 ,,
,google,cpc,$0 ,$0 ,,
,google,cpc,$0 ,$0 ,,
,google,cpc,$0 ,$0 ,,
,google,organic,$0 ,$0 ,,
,google,organic,$0 ,$0 ,,
,google,cpc,$0 ,$0 ,,
,google,organic,$0 ,$0 ,,
,google,organic,$0 ,$0 ,,
,google,cpc,$0 ,$0 ,,
,google,cpc,$0 ,$0 ,,
,google,organic,$0 ,$0 ,,
,google,cpc,$0 ,$0 ,,
,google,organic,$0 ,$0 ,,
,google,cpc,$0 ,$0 ,,
,google,cpc,$0 ,$0 ,,
,google,cpc,$0 ,$0 ,,
,google,organic,$0 ,$0 ,,
,google,organic,$0 ,$0 ,,
,google,organic,$0 ,$0 ,,
,google,organic,$0 ,$0 ,,
,google,organic,$0 ,$0 ,,
,google,cpc,$0 ,$0 ,,
,google,organic,$0 ,$0 ,,
,google,organic,$0 ,$0 ,,
,google,organic,$0 ,$0 ,,
,google,cpc,$0 ,$0 ,,
,bing,organic,$0 ,$0 ,,
,google,cpc,$0 ,$0 ,,
,google,cpc,$0 ,$0 ,,
,google,cpc,$0 ,$0 ,,
,google,organic,$0 ,$0 ,,
,google,cpc,$0 ,$0 ,,
,google,cpc,$0 ,$0 ,,
,bing,cpc,$0 ,$0 ,,
,google,cpc,$0 ,$0 ,,
,google,organic,$0 ,$0 ,,
,google,organic,$0 ,$0 ,,
,google,cpc,$0 ,$0 ,,
,google,organic,$0 ,$0 ,,
,google,cpc,$0 ,$0 ,,
,google,cpc,$0 ,$0 ,,
,google,organic,$0 ,$0 ,,
,bing,cpc,$0 ,$0 ,,
,google,cpc,$0 ,$0 ,,
,google,cpc,$0 ,$0 ,,
,google,cpc,$0 ,$0 ,,
,google,organic,$0 ,$0 ,,
,google,organic,$0 ,$0 ,,
,google,cpc,$0 ,$0 ,,
,google,cpc,$0 ,$0 ,,
,google,organic,$0 ,$0 ,,
,google,organic,$0 ,$0 ,,
,google,cpc,$0 ,$0 ,,
,google,cpc,$0 ,$0 ,,
,google,cpc,$0 ,$0 ,,
,google,cpc,$0 ,$0 ,,
,google,cpc,$0 ,$0 ,,
,google,cpc,$0 ,$0 ,,
,google,cpc,$0 ,$0 ,,
,google,cpc,$0 ,$0 ,,
,google,cpc,$0 ,$0 ,,
,google,cpc,$0 ,$0 ,,
,google,cpc,$0 ,$0 ,,
,google,cpc,$0 ,$0 ,,
,google,organic,$0 ,$0 ,,
,google,organic,$0 ,$0 ,,
,google,cpc,$0 ,$0 ,,
,google,cpc,$0 ,$0 ,,
,google,cpc,$0 ,$0 ,,
,google,cpc,$0 ,$0 ,,
,bing,cpc,$0 ,$0 ,,
,google,organic,$0 ,$0 ,,
,google,cpc,$0 ,$0 ,,
,google,cpc,$0 ,$0 ,,
,google,cpc,$0 ,$0 ,,
,google,cpc,$0 ,$0 ,,
,google,organic,$0 ,$0 ,,
,google,cpc,$0 ,$0 ,,
,google,cpc,$0 ,$0 ,,
,google,organic,$0 ,$0 ,,
,google,cpc,$0 ,$0 ,,
,google,organic,$0 ,$0 ,,
,google,organic,$0 ,$0 ,,
,google,organic,$0 ,$0 ,,
,google,cpc,$0 ,$0 ,,
,google,cpc,$0 ,$0 ,,
,google,cpc,$0 ,$0 ,,
,google,organic,$0 ,$0 ,,
,google,organic,$0 ,$0 ,,
,google,cpc,$0 ,$0 ,,
,google,organic,$0 ,$0 ,,
,google,cpc,$0 ,$0 ,,
,google,cpc,$0 ,$0 ,,
,google,cpc,$0 ,$0 ,,
,google,cpc,$0 ,$0 ,,
,google,cpc,$0 ,$0 ,,
,google,cpc,$0 ,$0 ,,
,google,organic,$0 ,$0 ,,
,google,cpc,$0 ,$0 ,,
,google,cpc,$0 ,$0 ,,
,google,cpc,$0 ,$0 ,,
,bing,organic,$0 ,$0 ,,
,google,cpc,$0 ,$0 ,,
,google,cpc,$0 ,$0 ,,
,google,cpc,$0 ,$0 ,,
,google,cpc,$0 ,$0 ,,
,google,cpc,$0 ,$0 ,,
,google,organic,$0 ,$0 ,,
,google,organic,$0 ,$0 ,,
,google,organic,$0 ,$0 ,,
,google,organic,$0 ,$0 ,,
,google,cpc,$0 ,$0 ,,
,bing,organic,$0 ,$0 ,,
,google,organic,$0 ,$0 ,,
,google,cpc,$0 ,$0 ,,
,google,cpc,$0 ,$0 ,,
,google,organic,$0 ,$0 ,,
,google,cpc,$0 ,$0 ,,
,google,cpc,$0 ,$0 ,,
,google,cpc,$0 ,$0 ,,
,google,cpc,$0 ,$0 ,,
,google,cpc,$0 ,$0 ,,
,google,organic,$0 ,$0 ,,
,google,cpc,$0 ,$0 ,,
,google,cpc,$0 ,$0 ,,
,google,organic,$0 ,$0 ,,
,google,cpc,$0 ,$0 ,,
,google,cpc,$0 ,$0 ,,
,google,cpc,$0 ,$0 ,,
,bing,cpc,$0 ,$0 ,,
,google,cpc,$0 ,$0 ,,
,google,organic,$0 ,$0 ,,
,google,cpc,$0 ,$0 ,,
,google,cpc,$0 ,$0 ,,
,google,organic,$0 ,$0 ,,
,google,cpc,$0 ,$0 ,,
,google,cpc,$0 ,$0 ,,
,google,cpc,$0 ,$0 ,,
,google,organic,$0 ,$0 ,,
,google,cpc,$0 ,$0 ,,
,google,cpc,$0 ,$0 ,,
,google,organic,$0 ,$0 ,,
,google,cpc,$0 ,$0 ,,
,google,cpc,$0 ,$0 ,,
,google,cpc,$0 ,$0 ,,
,google,organic,$0 ,$0 ,,
,bing,cpc,$0 ,$0 ,,
,google,organic,$0 ,$0 ,,
,google,cpc,$0 ,$0 ,,
,google,organic,$0 ,$0 ,,
,google,organic,$0 ,$0 ,,
,google,organic,$0 ,$0 ,,
,google,cpc,$0 ,$0 ,,
,google,organic,$0 ,$0 ,,
,bing,cpc,$0 ,$0 ,,
,google,cpc,$0 ,$0 ,,
,google,cpc,$0 ,$0 ,,
,google,cpc,$0 ,$0 ,,
,google,cpc,$0 ,$0 ,,
,bing,cpc,$0 ,$0 ,,
,google,organic,$0 ,$0 ,,
,google,cpc,$0 ,$0 ,,
,google,cpc,$0 ,$0 ,,
,google,cpc,$0 ,$0 ,,
,google,cpc,$0 ,$0 ,,
,google,cpc,$0 ,$0 ,,
,google,organic,$0 ,$0 ,,
,google,cpc,$0 ,$0 ,,
,google,cpc,$0 ,$0 ,,
,google,cpc,$0 ,$0 ,,
,bing,cpc,$0 ,$0 ,,
,google,organic,$0 ,$0 ,,
,google,cpc,$0 ,$0 ,,
,google,cpc,$0 ,$0 ,,
,google,cpc,$0 ,$0 ,,
,bing,organic,$0 ,$0 ,,
,google,organic,$0 ,$0 ,,
,bing,cpc,$0 ,$0 ,,
,google,organic,$0 ,$0 ,,
,bing,organic,$0 ,$0 ,,
,google,cpc,$0 ,$0 ,,
,google,organic,$0 ,$0 ,,
,bing,cpc,$0 ,$0 ,,
,google,cpc,$0 ,$0 ,,
,bing,organic,$0 ,$0 ,,
,bing,cpc,$0 ,$0 ,,
,google,cpc,$0 ,$0 ,,
,google,organic,$0 ,$0 ,,
,google,cpc,$0 ,$0 ,,
,google,cpc,$0 ,$0 ,,
,google,cpc,$0 ,$0 ,,
,google,cpc,$0 ,$0 ,,
,google,organic,$0 ,$0 ,,
,google,cpc,$0 ,$0 ,,
,google,cpc,$0 ,$0 ,,
,google,cpc,$0 ,$0 ,,
,google,cpc,$0 ,$0 ,,
,bing,cpc,$0 ,$0 ,,
,google,organic,$0 ,$0 ,,
,google,organic,$0 ,$0 ,,
,google,cpc,$0 ,$0 ,,
,google,cpc,$0 ,$0 ,,
,google,organic,$0 ,$0 ,,
,google,cpc,$0 ,$0 ,,
,google,cpc,$0 ,$0 ,,
,bing,cpc,$0 ,$0 ,,
,google,organic,$0 ,$0 ,,
,google,cpc,$0 ,$0 ,,
,google,organic,$0 ,$0 ,,
,google,cpc,$0 ,$0 ,,
,bing,cpc,$0 ,$0 ,,
,google,cpc,$0 ,$0 ,,
,bing,cpc,$0 ,$0 ,,
,google,organic,$0 ,$0 ,,
,google,organic,$0 ,$0 ,,
,google,cpc,$0 ,$0 ,,
,google,cpc,$0 ,$0 ,,
,bing,cpc,$0 ,$0 ,,
,google,cpc,$0 ,$0 ,,
,google,cpc,$0 ,$0 ,,
,google,organic,$0 ,$0 ,,
,google,organic,$0 ,$0 ,,
,google,organic,$0 ,$0 ,,
,bing,organic,$0 ,$0 ,,
,google,cpc,$0 ,$0 ,,
,google,organic,$0 ,$0 ,,
,google,organic,$0 ,$0 ,,
,google,cpc,$0 ,$0 ,,
,google,cpc,$0 ,$0 ,,
,google,cpc,$0 ,$0 ,,
,google,cpc,$0 ,$0 ,,
,google,cpc,$0 ,$0 ,,
,google,cpc,$0 ,$0 ,,
,google,cpc,$0 ,$0 ,,
,google,cpc,$0 ,$0 ,,
,google,cpc,$0 ,$0 ,,
,google,organic,$0 ,$0 ,,
,google,cpc,$0 ,$0 ,,
,bing,cpc,$0 ,$0 ,,
,google,cpc,$0 ,$0 ,,
,google,cpc,$0 ,$0 ,,
,google,cpc,$0 ,$0 ,,
,google,cpc,$0 ,$0 ,,
,google,cpc,$0 ,$0 ,,
,google,cpc,$0 ,$0 ,,
,google,cpc,$0 ,$0 ,,
,bing,cpc,$0 ,$0 ,,
,google,cpc,$0 ,$0 ,,
,google,cpc,$0 ,$0 ,,
,google,cpc,$0 ,$0 ,,
,google,cpc,$0 ,$0 ,,
,google,cpc,$0 ,$0 ,,
,google,cpc,$0 ,$0 ,,
,google,cpc,$0 ,$0 ,,
,google,cpc,$0 ,$0 ,,
,bing,cpc,$0 ,$0 ,,
,google,organic,$0 ,$0 ,,
,google,cpc,$0 ,$0 ,,
,google,cpc,$0 ,$0 ,,
,google,cpc,$0 ,$0 ,,
,google,cpc,$0 ,$0 ,,
,google,organic,$0 ,$0 ,,
,bing,cpc,$0 ,$0 ,,
,google,organic,$0 ,$0 ,,
,google,cpc,$0 ,$0 ,,
,google,cpc,$0 ,$0 ,,
,google,organic,$0 ,$0 ,,
,google,organic,$0 ,$0 ,,
,google,cpc,$0 ,$0 ,,
,google,cpc,$0 ,$0 ,,
,google,cpc,$0 ,$0 ,,
,google,cpc,$0 ,$0 ,,
,google,cpc,$0 ,$0 ,,
,google,cpc,$0 ,$0 ,,
,google,cpc,$0 ,$0 ,,
,google,organic,$0 ,$0 ,,
,google,cpc,$0 ,$0 ,,
,google,cpc,$0 ,$0 ,,
,google,cpc,$0 ,$0 ,,
,google,cpc,$0 ,$0 ,,
,google,cpc,$0 ,$0 ,,
,google,cpc,$0 ,$0 ,,
,google,cpc,$0 ,$0 ,,
,google,cpc,$0 ,$0 ,,
,google,cpc,$0 ,$0 ,,
,google,cpc,$0 ,$0 ,,
,google,cpc,$0 ,$0 ,,
,google,organic,$0 ,$0 ,,
,google,cpc,$0 ,$0 ,,
,google,cpc,$0 ,$0 ,,
,google,cpc,$0 ,$0 ,,
,google,cpc,$0 ,$0 ,,
,google,organic,$0 ,$0 ,,
,google,cpc,$0 ,$0 ,,
,google,cpc,$0 ,$0 ,,
,google,cpc,$0 ,$0 ,,
,google,cpc,$0 ,$0 ,,
,google,organic,$0 ,$0 ,,
,google,cpc,$0 ,$0 ,,
,google,cpc,$0 ,$0 ,,
,google,cpc,$0 ,$0 ,,
,bing,cpc,$0 ,$0 ,,
,google,organic,$0 ,$0 ,,
,google,cpc,$0 ,$0 ,,
,google,organic,$0 ,$0 ,,
,bing,cpc,$0 ,$0 ,,
,google,cpc,$0 ,$0 ,,
,google,cpc,$0 ,$0 ,,
,google,cpc,$0 ,$0 ,,
,google,cpc,$0 ,$0 ,,
,bing,cpc,$0 ,$0 ,,
,google,cpc,$0 ,$0 ,,
,google,organic,$0 ,$0 ,,
,bing,cpc,$0 ,$0 ,,
,google,cpc,$0 ,$0 ,,
,bing,cpc,$0 ,$0 ,,
,google,cpc,$0 ,$0 ,,
,google,cpc,$0 ,$0 ,,
,google,cpc,$0 ,$0 ,,
,bing,cpc,$0 ,$0 ,,
,google,cpc,$0 ,$0 ,,
,google,organic,$0 ,$0 ,,
,bing,cpc,$0 ,$0 ,,
,google,cpc,$0 ,$0 ,,
,google,cpc,$0 ,$0 ,,
,bing,cpc,$0 ,$0 ,,
,google,organic,$0 ,$0 ,,
,google,cpc,$0 ,$0 ,,
,google,organic,$0 ,$0 ,,
,google,organic,$0 ,$0 ,,
,google,cpc,$0 ,$0 ,,
,google,organic,$0 ,$0 ,,
,google,cpc,$0 ,$0 ,,
,google,cpc,$0 ,$0 ,,
,google,cpc,$0 ,$0 ,,
,google,cpc,$0 ,$0 ,,
,google,organic,$0 ,$0 ,,
,google,cpc,$0 ,$0 ,,
,google,cpc,$0 ,$0 ,,
,google,cpc,$0 ,$0 ,,
,google,cpc,$0 ,$0 ,,
,google,organic,$0 ,$0 ,,
,google,organic,$0 ,$0 ,,
,google,cpc,$0 ,$0 ,,
,google,organic,$0 ,$0 ,,
,google,cpc,$0 ,$0 ,,
,google,cpc,$0 ,$0 ,,
,google,cpc,$0 ,$0 ,,
,google,cpc,$0 ,$0 ,,
,google,cpc,$0 ,$0 ,,
,google,cpc,$0 ,$0 ,,
,google,organic,$0 ,$0 ,,
,google,cpc,$0 ,$0 ,,
,google,organic,$0 ,$0 ,,
,google,cpc,$0 ,$0 ,,
,bing,cpc,$0 ,$0 ,,
,google,cpc,$0 ,$0 ,,
,google,cpc,$0 ,$0 ,,
,google,organic,$0 ,$0 ,,
,google,organic,$0 ,$0 ,,
,google,cpc,$0 ,$0 ,,
,google,cpc,$0 ,$0 ,,
,google,cpc,$0 ,$0 ,,
,google,organic,$0 ,$0 ,,
,google,cpc,$0 ,$0 ,,
,google,cpc,$0 ,$0 ,,
,google,cpc,$0 ,$0 ,,
,google,cpc,$0 ,$0 ,,
,google,cpc,$0 ,$0 ,,
,google,cpc,$0 ,$0 ,,
,google,organic,$0 ,$0 ,,
,google,cpc,$0 ,$0 ,,
,google,organic,$0 ,$0 ,,
,google,cpc,$0 ,$0 ,,
,google,cpc,$0 ,$0 ,,
,google,organic,$0 ,$0 ,,
,google,organic,$0 ,$0 ,,
,google,cpc,$0 ,$0 ,,
,google,cpc,$0 ,$0 ,,
,google,cpc,$0 ,$0 ,,
,google,cpc,$0 ,$0 ,,
,google,cpc,$0 ,$0 ,,
,bing,organic,$0 ,$0 ,,
,google,organic,$0 ,$0 ,,
,google,organic,$0 ,$0 ,,
,google,organic,$0 ,$0 ,,
,google,organic,$0 ,$0 ,,
,google,cpc,$0 ,$0 ,,
,google,organic,$0 ,$0 ,,
,google,cpc,$0 ,$0 ,,
,google,cpc,$0 ,$0 ,,
,google,cpc,$0 ,$0 ,,
,google,cpc,$0 ,$0 ,,
,google,cpc,$0 ,$0 ,,
,google,cpc,$0 ,$0 ,,
,google,cpc,$0 ,$0 ,,
,google,cpc,$0 ,$0 ,,
,bing,cpc,$0 ,$0 ,,
,google,organic,$0 ,$0 ,,
,google,cpc,$0 ,$0 ,,
,google,organic,$0 ,$0 ,,
,google,cpc,$0 ,$0 ,,
,google,cpc,$0 ,$0 ,,
,google,cpc,$0 ,$0 ,,
,google,cpc,$0 ,$0 ,,
,google,cpc,$0 ,$0 ,,
,google,organic,$0 ,$0 ,,
,google,cpc,$0 ,$0 ,,
,bing,cpc,$0 ,$0 ,,
,google,cpc,$0 ,$0 ,,
,bing,cpc,$0 ,$0 ,,
,google,organic,$0 ,$0 ,,
,google,cpc,$0 ,$0 ,,
,google,cpc,$0 ,$0 ,,
,google,cpc,$0 ,$0 ,,
,bing,cpc,$0 ,$0 ,,
,google,organic,$0 ,$0 ,,
,bing,cpc,$0 ,$0 ,,
,google,cpc,$0 ,$0 ,,
,google,cpc,$0 ,$0 ,,
,google,cpc,$0 ,$0 ,,
,google,cpc,$0 ,$0 ,,
,google,cpc,$0 ,$0 ,,
,google,cpc,$0 ,$0 ,,
,google,cpc,$0 ,$0 ,,
,google,organic,$0 ,$0 ,,
,google,cpc,$0 ,$0 ,,
,google,cpc,$0 ,$0 ,,
,google,cpc,$0 ,$0 ,,
,google,cpc,$0 ,$0 ,,
,google,organic,$0 ,$0 ,,
,google,cpc,$0 ,$0 ,,
,bing,cpc,$0 ,$0 ,,
,google,cpc,$0 ,$0 ,,
,google,cpc,$0 ,$0 ,,
,google,cpc,$0 ,$0 ,,
,google,cpc,$0 ,$0 ,,
,google,cpc,$0 ,$0 ,,
,google,cpc,$0 ,$0 ,,
,google,cpc,$0 ,$0 ,,
,google,cpc,$0 ,$0 ,,
,bing,cpc,$0 ,$0 ,,
,google,cpc,$0 ,$0 ,,
,google,cpc,$0 ,$0 ,,
,google,cpc,$0 ,$0 ,,
,google,cpc,$0 ,$0 ,,
,google,cpc,$0 ,$0 ,,
,google,cpc,$0 ,$0 ,,
,google,organic,$0 ,$0 ,,
,bing,cpc,$0 ,$0 ,,
,google,cpc,$0 ,$0 ,,
,google,cpc,$0 ,$0 ,,
,google,cpc,$0 ,$0 ,,
,bing,cpc,$0 ,$0 ,,
,google,cpc,$0 ,$0 ,,
,google,cpc,$0 ,$0 ,,
,google,cpc,$0 ,$0 ,,
,google,cpc,$0 ,$0 ,,
,google,cpc,$0 ,$0 ,,
,google,cpc,$0 ,$0 ,,
,google,cpc,$0 ,$0 ,,
,google,organic,$0 ,$0 ,,
,google,cpc,$0 ,$0 ,,
,google,organic,$0 ,$0 ,,
,google,cpc,$0 ,$0 ,,
,google,cpc,$0 ,$0 ,,
,google,cpc,$0 ,$0 ,,
,google,cpc,$0 ,$0 ,,
,google,organic,$0 ,$0 ,,
,google,cpc,$0 ,$0 ,,
,google,organic,$0 ,$0 ,,
,google,cpc,$0 ,$0 ,,
,google,organic,$0 ,$0 ,,
,google,cpc,$0 ,$0 ,,
,google,cpc,$0 ,$0 ,,
,google,cpc,$0 ,$0 ,,
,google,cpc,$0 ,$0 ,,
,google,organic,$0 ,$0 ,,
,google,cpc,$0 ,$0 ,,
,google,cpc,$0 ,$0 ,,
,google,cpc,$0 ,$0 ,,
,google,organic,$0 ,$0 ,,
,google,cpc,$0 ,$0 ,,
,google,cpc,$0 ,$0 ,,
,google,cpc,$0 ,$0 ,,
,bing,cpc,$0 ,$0 ,,
,google,cpc,$0 ,$0 ,,
,google,cpc,$0 ,$0 ,,
,google,cpc,$0 ,$0 ,,
,google,cpc,$0 ,$0 ,,
,google,cpc,$0 ,$0 ,,
,google,organic,$0 ,$0 ,,
,google,cpc,$0 ,$0 ,,
,google,cpc,$0 ,$0 ,,
,google,cpc,$0 ,$0 ,,
,google,cpc,$0 ,$0 ,,
,google,cpc,$0 ,$0 ,,
,google,cpc,$0 ,$0 ,,
,google,cpc,$0 ,$0 ,,
,google,cpc,$0 ,$0 ,,
,google,cpc,$0 ,$0 ,,
,google,cpc,$0 ,$0 ,,
,google,cpc,$0 ,$0 ,,
,google,organic,$0 ,$0 ,,
,bing,cpc,$0 ,$0 ,,
,google,organic,$0 ,$0 ,,
,google,cpc,$0 ,$0 ,,
,google,cpc,$0 ,$0 ,,
,google,organic,$0 ,$0 ,,
,bing,cpc,$0 ,$0 ,,
,bing,cpc,$0 ,$0 ,,
,google,cpc,$0 ,$0 ,,
,google,cpc,$0 ,$0 ,,
,bing,cpc,$0 ,$0 ,,
,google,cpc,$0 ,$0 ,,
,google,organic,$0 ,$0 ,,
,google,cpc,$0 ,$0 ,,
,google,cpc,$0 ,$0 ,,
,google,cpc,$0 ,$0 ,,
,google,cpc,$0 ,$0 ,,
,google,cpc,$0 ,$0 ,,
,google,cpc,$0 ,$0 ,,
,google,cpc,$0 ,$0 ,,
,google,cpc,$0 ,$0 ,,
,google,cpc,$0 ,$0 ,,
,google,cpc,$0 ,$0 ,,
,google,cpc,$0 ,$0 ,,
,google,cpc,$0 ,$0 ,,
,google,cpc,$0 ,$0 ,,
,google,cpc,$0 ,$0 ,,
,google,cpc,$0 ,$0 ,,
,google,cpc,$0 ,$0 ,,
,google,cpc,$0 ,$0 ,,
,google,cpc,$0 ,$0 ,,
,google,cpc,$0 ,$0 ,,
,google,cpc,$0 ,$0 ,,
,google,cpc,$0 ,$0 ,,
,google,cpc,$0 ,$0 ,,
,google,cpc,$0 ,$0 ,,
,google,cpc,$0 ,$0 ,,
,google,cpc,$0 ,$0 ,,
,google,cpc,$0 ,$0 ,,
,google,cpc,$0 ,$0 ,,
,google,cpc,$0 ,$0 ,,
,google,cpc,$0 ,$0 ,,
,google,cpc,$0 ,$0 ,,
,google,cpc,$0 ,$0 ,,
,google,cpc,$0 ,$0 ,,
,google,cpc,$0 ,$0 ,,
,google,cpc,$0 ,$0 ,,
,google,cpc,$0 ,$0 ,,
,google,cpc,$0 ,$0 ,,
,google,cpc,$0 ,$0 ,,
,google,cpc,$0 ,$0 ,,
,google,cpc,$0 ,$0 ,,
,google,cpc,$0 ,$0 ,,
,google,cpc,$0 ,$0 ,,
,google,cpc,$0 ,$0 ,,
,google,cpc,$0 ,$0 ,,
,google,cpc,$0 ,$0 ,,
,google,cpc,$0 ,$0 ,,
,google,cpc,$0 ,$0 ,,
,google,cpc,$0 ,$0 ,,
,google,cpc,$0 ,$0 ,,
,google,cpc,$0 ,$0 ,,
,google,cpc,$0 ,$0 ,,
,google,cpc,$0 ,$0 ,,
,google,cpc,$0 ,$0 ,,
,google,cpc,$0 ,$0 ,,
,google,cpc,$0 ,$0 ,,
,google,cpc,$0 ,$0 ,,
,google,cpc,$0 ,$0 ,,
,google,cpc,$0 ,$0 ,,
,google,cpc,$0 ,$0 ,,
,google,cpc,$0 ,$0 ,,
,google,cpc,$0 ,$0 ,,
,google,cpc,$0 ,$0 ,,
,google,cpc,$0 ,$0 ,,
,google,cpc,$0 ,$0 ,,
,google,cpc,$0 ,$0 ,,
,google,cpc,$0 ,$0 ,,
,google,cpc,$0 ,$0 ,,
,google,cpc,$0 ,$0 ,,
,google,cpc,$0 ,$0 ,,
,google,cpc,$0 ,$0 ,,
,google,cpc,$0 ,$0 ,,
,google,cpc,$0 ,$0 ,,
,google,cpc,$0 ,$0 ,,
,google,cpc,$0 ,$0 ,,
,google,cpc,$0 ,$0 ,,
,google,cpc,$0 ,$0 ,,
,google,cpc,$0 ,$0 ,,
,google,cpc,$0 ,$0 ,,
,google,cpc,$0 ,$0 ,,
,google,cpc,$0 ,$0 ,,
,google,cpc,$0 ,$0 ,,
,google,cpc,$0 ,$0 ,,
,google,cpc,$0 ,$0 ,,
,google,cpc,$0 ,$0 ,,
,google,cpc,$0 ,$0 ,,
,google,cpc,$0 ,$0 ,,
,google,cpc,$0 ,$0 ,,
,google,cpc,$0 ,$0 ,,
,google,cpc,$0 ,$0 ,,
,google,cpc,$0 ,$0 ,,
,google,cpc,$0 ,$0 ,,
,google,cpc,$0 ,$0 ,,
,google,cpc,$0 ,$0 ,,
,google,cpc,$0 ,$0 ,,
,google,cpc,$0 ,$0 ,,
,google,cpc,$0 ,$0 ,,
,google,organic,$0 ,$0 ,,
,google,cpc,$0 ,$0 ,,
,google,cpc,$0 ,$0 ,,
,google,cpc,$0 ,$0 ,,
,google,cpc,$0 ,$0 ,,
,google,organic,$0 ,$0 ,,
,google,cpc,$0 ,$0 ,,
,google,cpc,$0 ,$0 ,,
,google,organic,$0 ,$0 ,,
,google,cpc,$0 ,$0 ,,
,google,cpc,$0 ,$0 ,,
,google,organic,$0 ,$0 ,,
,google,cpc,$0 ,$0 ,,
,google,cpc,$0 ,$0 ,,
,google,cpc,$0 ,$0 ,,
,google,cpc,$0 ,$0 ,,
,google,organic,$0 ,$0 ,,
,google,organic,$0 ,$0 ,,
,google,cpc,$0 ,$0 ,,
,google,cpc,$0 ,$0 ,,
,google,cpc,$0 ,$0 ,,
,google,cpc,$0 ,$0 ,,
,google,cpc,$0 ,$0 ,,
,google,cpc,$0 ,$0 ,,
,google,cpc,$0 ,$0 ,,
,google,cpc,$0 ,$0 ,,
,google,cpc,$0 ,$0 ,,
,google,cpc,$0 ,$0 ,,
,google,cpc,$0 ,$0 ,,
,google,cpc,$0 ,$0 ,,
,google,cpc,$0 ,$0 ,,
,google,cpc,$0 ,$0 ,,
,google,cpc,$0 ,$0 ,,
,google,cpc,$0 ,$0 ,,
,google,cpc,$0 ,$0 ,,
,google,cpc,$0 ,$0 ,,
,google,cpc,$0 ,$0 ,,
,google,cpc,$0 ,$0 ,,
,google,cpc,$0 ,$0 ,,
,google,cpc,$0 ,$0 ,,
,google,cpc,$0 ,$0 ,,
,google,cpc,$0 ,$0 ,,
,google,cpc,$0 ,$0 ,,
,google,cpc,$0 ,$0 ,,
,google,cpc,$0 ,$0 ,,
,google,cpc,$0 ,$0 ,,
,google,cpc,$0 ,$0 ,,
,google,cpc,$0 ,$0 ,,
,google,cpc,$0 ,$0 ,,
,google,cpc,$0 ,$0 ,,
,google,cpc,$0 ,$0 ,,
,google,cpc,$0 ,$0 ,,
,google,cpc,$0 ,$0 ,,
,google,cpc,$0 ,$0 ,,
,google,cpc,$0 ,$0 ,,
,google,cpc,$0 ,$0 ,,
,google,cpc,$0 ,$0 ,,
,google,cpc,$0 ,$0 ,,
,google,cpc,$0 ,$0 ,,
,google,cpc,$0 ,$0 ,,
,google,cpc,$0 ,$0 ,,
,google,cpc,$0 ,$0 ,,
,google,cpc,$0 ,$0 ,,
,google,cpc,$0 ,$0 ,,
,google,cpc,$0 ,$0 ,,
,google,cpc,$0 ,$0 ,,
,google,cpc,$0 ,$0 ,,
,google,cpc,$0 ,$0 ,,
,google,cpc,$0 ,$0 ,,
,google,cpc,$0 ,$0 ,,
,google,cpc,$0 ,$0 ,,
,google,cpc,$0 ,$0 ,,
,google,cpc,$0 ,$0 ,,
,google,cpc,$0 ,$0 ,,
,google,cpc,$0 ,$0 ,,
,google,cpc,$0 ,$0 ,,
,google,cpc,$0 ,$0 ,,
,google,cpc,$0 ,$0 ,,
,google,cpc,$0 ,$0 ,,
,google,cpc,$0 ,$0 ,,
,google,cpc,$0 ,$0 ,,
,google,cpc,$0 ,$0 ,,
,google,cpc,$0 ,$0 ,,
,google,cpc,$0 ,$0 ,,
,google,cpc,$0 ,$0 ,,
,google,cpc,$0 ,$0 ,,
,google,cpc,$0 ,$0 ,,
,google,cpc,$0 ,$0 ,,
,google,cpc,$0 ,$0 ,,
,google,cpc,$0 ,$0 ,,
,google,cpc,$0 ,$0 ,,
,google,cpc,$0 ,$0 ,,
,google,cpc,$0 ,$0 ,,
,google,cpc,$0 ,$0 ,,
,google,cpc,$0 ,$0 ,,
,google,cpc,$0 ,$0 ,,
,google,cpc,$0 ,$0 ,,
,google,cpc,$0 ,$0 ,,
,google,cpc,$0 ,$0 ,,
,bing,cpc,$0 ,$0 ,,
,google,cpc,$0 ,$0 ,,
,google,cpc,$0 ,$0 ,,
,google,cpc,$0 ,$0 ,,
,google,cpc,$0 ,$0 ,,
,google,cpc,$0 ,$0 ,,
,google,cpc,$0 ,$0 ,,
,google,cpc,$0 ,$0 ,,
,google,cpc,$0 ,$0 ,,
,google,cpc,$0 ,$0 ,,
,google,cpc,$0 ,$0 ,,
,google,cpc,$0 ,$0 ,,
,google,cpc,$0 ,$0 ,,
,google,cpc,$0 ,$0 ,,
,google,cpc,$0 ,$0 ,,
,google,cpc,$0 ,$0 ,,
,google,cpc,$0 ,$0 ,,
,google,cpc,$0 ,$0 ,,
,google,cpc,$0 ,$0 ,,
,google,cpc,$0 ,$0 ,,
,google,organic,$0 ,$0 ,,
,google,cpc,$0 ,$0 ,,
,google,cpc,$0 ,$0 ,,
,google,cpc,$0 ,$0 ,,
,google,cpc,$0 ,$0 ,,
,google,cpc,$0 ,$0 ,,
,google,cpc,$0 ,$0 ,,
,google,cpc,$0 ,$0 ,,
,google,cpc,$0 ,$0 ,,
,google,cpc,$0 ,$0 ,,
,google,cpc,$0 ,$0 ,,
,google,cpc,$0 ,$0 ,,
,google,cpc,$0 ,$0 ,,
,google,cpc,$0 ,$0 ,,
,google,cpc,$0 ,$0 ,,
,google,cpc,$0 ,$0 ,,
,google,cpc,$0 ,$0 ,,
,google,cpc,$0 ,$0 ,,
,google,cpc,$0 ,$0 ,,
,google,cpc,$0 ,$0 ,,
,google,cpc,$0 ,$0 ,,
,google,cpc,$0 ,$0 ,,
,google,cpc,$0 ,$0 ,,
,google,cpc,$0 ,$0 ,,
,google,cpc,$0 ,$0 ,,
,google,cpc,$0 ,$0 ,,
,google,cpc,$0 ,$0 ,,
,google,cpc,$0 ,$0 ,,
,google,cpc,$0 ,$0 ,,
,google,cpc,$0 ,$0 ,,
,google,cpc,$0 ,$0 ,,
,google,cpc,$0 ,$0 ,,
,google,cpc,$0 ,$0 ,,
,google,cpc,$0 ,$0 ,,
,google,cpc,$0 ,$0 ,,
,google,cpc,$0 ,$0 ,,
,google,cpc,$0 ,$0 ,,
,google,cpc,$0 ,$0 ,,
,google,cpc,$0 ,$0 ,,
,google,cpc,$0 ,$0 ,,
,google,cpc,$0 ,$0 ,,
,google,cpc,$0 ,$0 ,,
,google,cpc,$0 ,$0 ,,
,google,cpc,$0 ,$0 ,,
,google,cpc,$0 ,$0 ,,
,google,cpc,$0 ,$0 ,,
,google,cpc,$0 ,$0 ,,
,google,cpc,$0 ,$0 ,,
,google,cpc,$0 ,$0 ,,
,google,cpc,$0 ,$0 ,,
,google,cpc,$0 ,$0 ,,
,google,cpc,$0 ,$0 ,,
,google,cpc,$0 ,$0 ,,
,google,cpc,$0 ,$0 ,,
,google,cpc,$0 ,$0 ,,
,google,cpc,$0 ,$0 ,,
,google,cpc,$0 ,$0 ,,
,google,cpc,$0 ,$0 ,,
,google,cpc,$0 ,$0 ,,
,google,cpc,$0 ,$0 ,,
,google,cpc,$0 ,$0 ,,
,google,cpc,$0 ,$0 ,,
,google,cpc,$0 ,$0 ,,
,google,cpc,$0 ,$0 ,,
,google,cpc,$0 ,$0 ,,
,google,cpc,$0 ,$0 ,,
,google,cpc,$0 ,$0 ,,
,google,cpc,$0 ,$0 ,,
,google,organic,$0 ,$0 ,,
,google,cpc,$0 ,$0 ,,
,google,cpc,$0 ,$0 ,,
,google,cpc,$0 ,$0 ,,
,google,cpc,$0 ,$0 ,,
,google,cpc,$0 ,$0 ,,
,google,cpc,$0 ,$0 ,,
,google,cpc,$0 ,$0 ,,
,google,cpc,$0 ,$0 ,,
,google,cpc,$0 ,$0 ,,
,google,cpc,$0 ,$0 ,,
,google,cpc,$0 ,$0 ,,
,google,cpc,$0 ,$0 ,,
,google,cpc,$0 ,$0 ,,
,google,cpc,$0 ,$0 ,,
,google,cpc,$0 ,$0 ,,
,google,cpc,$0 ,$0 ,,
,google,organic,$0 ,$0 ,,
,google,cpc,$0 ,$0 ,,
,google,organic,$0 ,$0 ,,
,google,cpc,$0 ,$0 ,,
,google,cpc,$0 ,$0 ,,
,google,organic,$0 ,$0 ,,
,google,cpc,$0 ,$0 ,,
,google,cpc,$0 ,$0 ,,
,google,cpc,$0 ,$0 ,,
,google,organic,$0 ,$0 ,,
,google,cpc,$0 ,$0 ,,
,google,cpc,$0 ,$0 ,,
,google,cpc,$0 ,$0 ,,
,google,cpc,$0 ,$0 ,,
,google,cpc,$0 ,$0 ,,
,google,cpc,$0 ,$0 ,,
,google,cpc,$0 ,$0 ,,
,google,cpc,$0 ,$0 ,,
,google,cpc,$0 ,$0 ,,
,google,cpc,$0 ,$0 ,,
,google,cpc,$0 ,$0 ,,
,google,cpc,$0 ,$0 ,,
,google,cpc,$0 ,$0 ,,
,google,cpc,$0 ,$0 ,,
,google,cpc,$0 ,$0 ,,
,google,organic,$0 ,$0 ,,
,google,cpc,$0 ,$0 ,,
,google,cpc,$0 ,$0 ,,
,google,cpc,$0 ,$0 ,,
,google,cpc,$0 ,$0 ,,
,google,cpc,$0 ,$0 ,,
,google,organic,$0 ,$0 ,,
,google,cpc,$0 ,$0 ,,
,google,cpc,$0 ,$0 ,,
,google,cpc,$0 ,$0 ,,
,google,cpc,$0 ,$0 ,,
,google,cpc,$0 ,$0 ,,
,google,cpc,$0 ,$0 ,,
,google,cpc,$0 ,$0 ,,
,google,cpc,$0 ,$0 ,,
,google,cpc,$0 ,$0 ,,
,google,cpc,$0 ,$0 ,,
,google,cpc,$0 ,$0 ,,
,google,cpc,$0 ,$0 ,,
,google,cpc,$0 ,$0 ,,
,google,cpc,$0 ,$0 ,,
,bing,cpc,$0 ,$0 ,,
,google,cpc,$0 ,$0 ,,
,google,cpc,$0 ,$0 ,,
,google,cpc,$0 ,$0 ,,
,google,organic,$0 ,$0 ,,
,bing,cpc,$0 ,$0 ,,
,google,organic,$0 ,$0 ,,
,google,cpc,$0 ,$0 ,,
,google,cpc,$0 ,$0 ,,
,google,organic,$0 ,$0 ,,
,google,organic,$0 ,$0 ,,
,google,cpc,$0 ,$0 ,,
,bing,cpc,$0 ,$0 ,,
,google,cpc,$0 ,$0 ,,
,bing,cpc,$0 ,$0 ,,
,bing,cpc,$0 ,$0 ,,
,google,cpc,$0 ,$0 ,,
,google,organic,$0 ,$0 ,,
,google,cpc,$0 ,$0 ,,
,google,cpc,$0 ,$0 ,,
,google,cpc,$0 ,$0 ,,
,google,cpc,$0 ,$0 ,,
,google,organic,$0 ,$0 ,,
,google,cpc,$0 ,$0 ,,
,google,cpc,$0 ,$0 ,,
,google,cpc,$0 ,$0 ,,
,google,cpc,$0 ,$0 ,,
,google,cpc,$0 ,$0 ,,
,google,cpc,$0 ,$0 ,,
,google,cpc,$0 ,$0 ,,
,google,cpc,$0 ,$0 ,,
,google,cpc,$0 ,$0 ,,
,google,cpc,$0 ,$0 ,,
,google,cpc,$0 ,$0 ,,
,google,organic,$0 ,$0 ,,
,google,cpc,$0 ,$0 ,,
,google,cpc,$0 ,$0 ,,
,google,organic,$0 ,$0 ,,
,google,cpc,$0 ,$0 ,,
,google,organic,$0 ,$0 ,,
,google,cpc,$0 ,$0 ,,
,google,cpc,$0 ,$0 ,,
,google,cpc,$0 ,$0 ,,
,google,cpc,$0 ,$0 ,,
,google,cpc,$0 ,$0 ,,
,google,cpc,$0 ,$0 ,,
,bing,organic,$0 ,$0 ,,
,google,cpc,$0 ,$0 ,,
,google,cpc,$0 ,$0 ,,
,google,cpc,$0 ,$0 ,,
,google,cpc,$0 ,$0 ,,
,google,cpc,$0 ,$0 ,,
,google,cpc,$0 ,$0 ,,
,google,cpc,$0 ,$0 ,,
,google,cpc,$0 ,$0 ,,
,google,cpc,$0 ,$0 ,,
,google,cpc,$0 ,$0 ,,
,google,cpc,$0 ,$0 ,,
,google,cpc,$0 ,$0 ,,
,google,cpc,$0 ,$0 ,,
,google,cpc,$0 ,$0 ,,
,google,cpc,$0 ,$0 ,,
,google,cpc,$0 ,$0 ,,
,google,cpc,$0 ,$0 ,,
,google,cpc,$0 ,$0 ,,
,google,cpc,$0 ,$0 ,,
,google,cpc,$0 ,$0 ,,
,google,cpc,$0 ,$0 ,,
,google,cpc,$0 ,$0 ,,
,google,cpc,$0 ,$0 ,,
,google,cpc,$0 ,$0 ,,
,google,cpc,$0 ,$0 ,,
,google,cpc,$0 ,$0 ,,
,google,organic,$0 ,$0 ,,
,google,cpc,$0 ,$0 ,,
,google,cpc,$0 ,$0 ,,
,google,cpc,$0 ,$0 ,,
,google,cpc,$0 ,$0 ,,
,google,cpc,$0 ,$0 ,,
,google,cpc,$0 ,$0 ,,
,google,cpc,$0 ,$0 ,,
,google,cpc,$0 ,$0 ,,
,google,cpc,$0 ,$0 ,,
,google,cpc,$0 ,$0 ,,
,google,cpc,$0 ,$0 ,,
,google,cpc,$0 ,$0 ,,
,google,cpc,$0 ,$0 ,,
,google,cpc,$0 ,$0 ,,
,google,cpc,$0 ,$0 ,,
,google,cpc,$0 ,$0 ,,
,google,cpc,$0 ,$0 ,,
,google,cpc,$0 ,$0 ,,
,google,cpc,$0 ,$0 ,,
,google,cpc,$0 ,$0 ,,
,google,cpc,$0 ,$0 ,,
,google,organic,$0 ,$0 ,,
,bing,cpc,$0 ,$0 ,,
,google,organic,$0 ,$0 ,,
,google,cpc,$0 ,$0 ,,
,google,organic,$0 ,$0 ,,
,google,cpc,$0 ,$0 ,,
,google,organic,$0 ,$0 ,,
,google,cpc,$0 ,$0 ,,
,google,cpc,$0 ,$0 ,,
,google,cpc,$0 ,$0 ,,
,google,cpc,$0 ,$0 ,,
,google,cpc,$0 ,$0 ,,
,google,cpc,$0 ,$0 ,,
,google,cpc,$0 ,$0 ,,
,google,cpc,$0 ,$0 ,,
,google,organic,$0 ,$0 ,,
,bing,cpc,$0 ,$0 ,,
,google,organic,$0 ,$0 ,,
,google,organic,$0 ,$0 ,,
,google,cpc,$0 ,$0 ,,
,google,cpc,$0 ,$0 ,,
,google,cpc,$0 ,$0 ,,
,google,cpc,$0 ,$0 ,,
,google,cpc,$0 ,$0 ,,
,google,cpc,$0 ,$0 ,,
,google,cpc,$0 ,$0 ,,
,google,cpc,$0 ,$0 ,,
,google,cpc,$0 ,$0 ,,
,google,organic,$0 ,$0 ,,
,google,organic,$0 ,$0 ,,
,google,cpc,$0 ,$0 ,,
,google,cpc,$0 ,$0 ,,
,google,organic,$0 ,$0 ,,
,google,organic,$0 ,$0 ,,
,google,organic,$0 ,$0 ,,
,google,organic,$0 ,$0 ,,
,google,organic,$0 ,$0 ,,
,google,organic,$0 ,$0 ,,
,google,organic,$0 ,$0 ,,
,google,cpc,$0 ,$0 ,,
,google,cpc,$0 ,$0 ,,
,google,organic,$0 ,$0 ,,
,google,organic,$0 ,$0 ,,
,google,organic,$0 ,$0 ,,
,google,cpc,$0 ,$0 ,,
,google,organic,$0 ,$0 ,,
,google,cpc,$0 ,$0 ,,
,google,cpc,$0 ,$0 ,,
,google,cpc,$0 ,$0 ,,
,google,cpc,$0 ,$0 ,,
,google,cpc,$0 ,$0 ,,
,google,cpc,$0 ,$0 ,,
,google,cpc,$0 ,$0 ,,
,bing,cpc,$0 ,$0 ,,
,google,cpc,$0 ,$0 ,,
,google,organic,$0 ,$0 ,,
,google,organic,$0 ,$0 ,,
,bing,cpc,$0 ,$0 ,,
,google,cpc,$0 ,$0 ,,
,google,cpc,$0 ,$0 ,,
,google,organic,$0 ,$0 ,,
,google,organic,$0 ,$0 ,,
,google,cpc,$0 ,$0 ,,
,google,cpc,$0 ,$0 ,,
,google,cpc,$0 ,$0 ,,
,google,cpc,$0 ,$0 ,,
,google,cpc,$0 ,$0 ,,
,google,organic,$0 ,$0 ,,
,google,cpc,$0 ,$0 ,,
,bing,cpc,$0 ,$0 ,,
,google,cpc,$0 ,$0 ,,
,google,organic,$0 ,$0 ,,
,bing,organic,$0 ,$0 ,,
,bing,cpc,$0 ,$0 ,,
,bing,cpc,$0 ,$0 ,,
,google,cpc,$0 ,$0 ,,
,google,cpc,$0 ,$0 ,,
,google,organic,$0 ,$0 ,,
,google,organic,$0 ,$0 ,,
,bing,cpc,$0 ,$0 ,,
,google,organic,$0 ,$0 ,,
,google,cpc,$0 ,$0 ,,
,google,organic,$0 ,$0 ,,
,google,cpc,$0 ,$0 ,,
,google,cpc,$0 ,$0 ,,
,google,cpc,$0 ,$0 ,,
,bing,cpc,$0 ,$0 ,,
,google,cpc,$0 ,$0 ,,
,google,cpc,$0 ,$0 ,,
,google,organic,$0 ,$0 ,,
,google,cpc,$0 ,$0 ,,
,google,cpc,$0 ,$0 ,,
,google,organic,$0 ,$0 ,,
,google,cpc,$0 ,$0 ,,
,google,cpc,$0 ,$0 ,,
,google,organic,$0 ,$0 ,,
,google,cpc,$0 ,$0 ,,
,google,cpc,$0 ,$0 ,,
,google,organic,$0 ,$0 ,,
,google,organic,$0 ,$0 ,,
,google,cpc,$0 ,$0 ,,
,google,cpc,$0 ,$0 ,,
,bing,cpc,$0 ,$0 ,,
,google,cpc,$0 ,$0 ,,
,google,cpc,$0 ,$0 ,,
,google,organic,$0 ,$0 ,,
,google,cpc,$0 ,$0 ,,
,bing,cpc,$0 ,$0 ,,
,google,organic,$0 ,$0 ,,
,google,cpc,$0 ,$0 ,,
,google,organic,$0 ,$0 ,,
,google,organic,$0 ,$0 ,,
,google,cpc,$0 ,$0 ,,
,google,organic,$0 ,$0 ,,
,google,cpc,$0 ,$0 ,,
,google,cpc,$0 ,$0 ,,
,google,cpc,$0 ,$0 ,,
,google,cpc,$0 ,$0 ,,
,google,organic,$0 ,$0 ,,
,google,organic,$0 ,$0 ,,
,google,organic,$0 ,$0 ,,
,bing,cpc,$0 ,$0 ,,
,google,cpc,$0 ,$0 ,,
,google,cpc,$0 ,$0 ,,
,google,cpc,$0 ,$0 ,,
,google,cpc,$0 ,$0 ,,
,google,cpc,$0 ,$0 ,,
,google,cpc,$0 ,$0 ,,
,google,organic,$0 ,$0 ,,
,google,organic,$0 ,$0 ,,
,google,cpc,$0 ,$0 ,,
,google,cpc,$0 ,$0 ,,
,google,cpc,$0 ,$0 ,,
,google,cpc,$0 ,$0 ,,
,bing,cpc,$0 ,$0 ,,
,google,organic,$0 ,$0 ,,
,google,cpc,$0 ,$0 ,,
,google,cpc,$0 ,$0 ,,
,google,cpc,$0 ,$0 ,,
,google,cpc,$0 ,$0 ,,
,google,cpc,$0 ,$0 ,,
,google,cpc,$0 ,$0 ,,
,google,cpc,$0 ,$0 ,,
,google,cpc,$0 ,$0 ,,
,google,cpc,$0 ,$0 ,,
,google,cpc,$0 ,$0 ,,
,google,cpc,$0 ,$0 ,,
,bing,cpc,$0 ,$0 ,,
,google,cpc,$0 ,$0 ,,
,google,cpc,$0 ,$0 ,,
,google,cpc,$0 ,$0 ,,
,google,cpc,$0 ,$0 ,,
,google,cpc,$0 ,$0 ,,
,google,cpc,$0 ,$0 ,,
,google,organic,$0 ,$0 ,,
,google,cpc,$0 ,$0 ,,
,google,cpc,$0 ,$0 ,,
,google,cpc,$0 ,$0 ,,
,bing,cpc,$0 ,$0 ,,
,google,cpc,$0 ,$0 ,,
,bing,cpc,$0 ,$0 ,,
,google,cpc,$0 ,$0 ,,
,google,cpc,$0 ,$0 ,,
,google,cpc,$0 ,$0 ,,
,google,cpc,$0 ,$0 ,,
,google,cpc,$0 ,$0 ,,
,google,cpc,$0 ,$0 ,,
,google,organic,$0 ,$0 ,,
,google,organic,$0 ,$0 ,,
,google,organic,$0 ,$0 ,,
,google,cpc,$0 ,$0 ,,
,google,organic,$0 ,$0 ,,
,google,organic,$0 ,$0 ,,
,google,cpc,$0 ,$0 ,,
,google,cpc,$0 ,$0 ,,
,google,organic,$0 ,$0 ,,
,google,cpc,$0 ,$0 ,,
,google,cpc,$0 ,$0 ,,
,google,organic,$0 ,$0 ,,
,google,organic,$0 ,$0 ,,
,google,organic,$0 ,$0 ,,
,google,cpc,$0 ,$0 ,,
,google,cpc,$0 ,$0 ,,
,google,cpc,$0 ,$0 ,,
,bing,organic,$0 ,$0 ,,
,google,cpc,$0 ,$0 ,,
,bing,cpc,$0 ,$0 ,,
,google,cpc,$0 ,$0 ,,
,google,cpc,$0 ,$0 ,,
,google,cpc,$0 ,$0 ,,
,google,cpc,$0 ,$0 ,,
,bing,cpc,$0 ,$0 ,,
,google,cpc,$0 ,$0 ,,
,bing,cpc,$0 ,$0 ,,
,google,cpc,$0 ,$0 ,,
,google,cpc,$0 ,$0 ,,
,google,organic,$0 ,$0 ,,
,bing,cpc,$0 ,$0 ,,
,google,cpc,$0 ,$0 ,,
,google,cpc,$0 ,$0 ,,
,google,cpc,$0 ,$0 ,,
,google,cpc,$0 ,$0 ,,
,google,cpc,$0 ,$0 ,,
,google,organic,$0 ,$0 ,,
,google,cpc,$0 ,$0 ,,
,google,cpc,$0 ,$0 ,,
,google,cpc,$0 ,$0 ,,
,google,cpc,$0 ,$0 ,,
,google,cpc,$0 ,$0 ,,
,google,cpc,$0 ,$0 ,,
,google,cpc,$0 ,$0 ,,
,google,cpc,$0 ,$0 ,,
,bing,cpc,$0 ,$0 ,,
,google,cpc,$0 ,$0 ,,
,google,cpc,$0 ,$0 ,,
,google,cpc,$0 ,$0 ,,
,google,cpc,$0 ,$0 ,,
,google,cpc,$0 ,$0 ,,
,google,cpc,$0 ,$0 ,,
,bing,cpc,$0 ,$0 ,,
,google,cpc,$0 ,$0 ,,
,google,cpc,$0 ,$0 ,,
,bing,cpc,$0 ,$0 ,,
,google,cpc,$0 ,$0 ,,
,google,cpc,$0 ,$0 ,,
,google,organic,$0 ,$0 ,,
,google,cpc,$0 ,$0 ,,
,google,cpc,$0 ,$0 ,,
,google,organic,$0 ,$0 ,,
,google,cpc,$0 ,$0 ,,
,google,cpc,$0 ,$0 ,,
,bing,cpc,$0 ,$0 ,,
,google,cpc,$0 ,$0 ,,
,google,cpc,$0 ,$0 ,,
,google,cpc,$0 ,$0 ,,
,google,cpc,$0 ,$0 ,,
,google,cpc,$0 ,$0 ,,
,google,cpc,$0 ,$0 ,,
,google,cpc,$0 ,$0 ,,
,google,cpc,$0 ,$0 ,,
,bing,cpc,$0 ,$0 ,,
,google,cpc,$0 ,$0 ,,
,google,cpc,$0 ,$0 ,,
,bing,cpc,$0 ,$0 ,,
,google,cpc,$0 ,$0 ,,
,google,cpc,$0 ,$0 ,,
,google,organic,$0 ,$0 ,,
,bing,cpc,$0 ,$0 ,,
,google,cpc,$0 ,$0 ,,
,google,cpc,$0 ,$0 ,,
,google,cpc,$0 ,$0 ,,
,bing,cpc,$0 ,$0 ,,
,google,cpc,$0 ,$0 ,,
,google,cpc,$0 ,$0 ,,
,google,cpc,$0 ,$0 ,,
,google,organic,$0 ,$0 ,,
,google,organic,$0 ,$0 ,,
,google,cpc,$0 ,$0 ,,
,bing,cpc,$0 ,$0 ,,
,google,organic,$0 ,$0 ,,
,google,organic,$0 ,$0 ,,
,google,cpc,$0 ,$0 ,,
,google,cpc,$0 ,$0 ,,
,google,cpc,$0 ,$0 ,,
,google,cpc,$0 ,$0 ,,
,google,organic,$0 ,$0 ,,
,google,cpc,$0 ,$0 ,,
,google,cpc,$0 ,$0 ,,
,google,cpc,$0 ,$0 ,,
,google,cpc,$0 ,$0 ,,
,google,cpc,$0 ,$0 ,,
,google,organic,$0 ,$0 ,,
,google,cpc,$0 ,$0 ,,
,google,cpc,$0 ,$0 ,,
,google,cpc,$0 ,$0 ,,
,google,cpc,$0 ,$0 ,,
,google,organic,$0 ,$0 ,,
,bing,cpc,$0 ,$0 ,,
,bing,cpc,$0 ,$0 ,,
,google,cpc,$0 ,$0 ,,
,google,organic,$0 ,$0 ,,
,google,cpc,$0 ,$0 ,,
,google,cpc,$0 ,$0 ,,
,google,cpc,$0 ,$0 ,,
,google,cpc,$0 ,$0 ,,
,google,cpc,$0 ,$0 ,,
,google,cpc,$0 ,$0 ,,
,bing,cpc,$0 ,$0 ,,
,google,cpc,$0 ,$0 ,,
,google,organic,$0 ,$0 ,,
,google,cpc,$0 ,$0 ,,
,google,organic,$0 ,$0 ,,
,google,cpc,$0 ,$0 ,,
,google,cpc,$0 ,$0 ,,
,google,organic,$0 ,$0 ,,
,google,organic,$0 ,$0 ,,
,google,organic,$0 ,$0 ,,
,google,cpc,$0 ,$0 ,,
,google,organic,$0 ,$0 ,,
,google,organic,$0 ,$0 ,,
,google,organic,$0 ,$0 ,,
,google,cpc,$0 ,$0 ,,
,google,organic,$0 ,$0 ,,
,google,cpc,$0 ,$0 ,,
,google,cpc,$0 ,$0 ,,
,google,organic,$0 ,$0 ,,
,google,organic,$0 ,$0 ,,
,google,cpc,$0 ,$0 ,,
,google,cpc,$0 ,$0 ,,
,google,cpc,$0 ,$0 ,,
,google,cpc,$0 ,$0 ,,
,google,cpc,$0 ,$0 ,,
,google,cpc,$0 ,$0 ,,
,google,cpc,$0 ,$0 ,,
,google,cpc,$0 ,$0 ,,
,google,cpc,$0 ,$0 ,,
,google,cpc,$0 ,$0 ,,
,google,cpc,$0 ,$0 ,,
,google,cpc,$0 ,$0 ,,
,google,cpc,$0 ,$0 ,,
,google,cpc,$0 ,$0 ,,
,google,cpc,$0 ,$0 ,,
,google,cpc,$0 ,$0 ,,
,google,cpc,$0 ,$0 ,,
,google,cpc,$0 ,$0 ,,
,google,organic,$0 ,$0 ,,
,google,cpc,$0 ,$0 ,,
,google,cpc,$0 ,$0 ,,
,google,cpc,$0 ,$0 ,,
,google,cpc,$0 ,$0 ,,
,google,cpc,$0 ,$0 ,,
,google,cpc,$0 ,$0 ,,
,google,cpc,$0 ,$0 ,,
,google,cpc,$0 ,$0 ,,
,google,cpc,$0 ,$0 ,,
,google,cpc,$0 ,$0 ,,
,google,cpc,$0 ,$0 ,,
,google,cpc,$0 ,$0 ,,
,google,cpc,$0 ,$0 ,,
,bing,organic,$0 ,$0 ,,
,google,cpc,$0 ,$0 ,,
,google,cpc,$0 ,$0 ,,
,google,cpc,$0 ,$0 ,,
,google,cpc,$0 ,$0 ,,
,google,cpc,$0 ,$0 ,,
,bing,cpc,$0 ,$0 ,,
,google,cpc,$0 ,$0 ,,
,google,cpc,$0 ,$0 ,,
,google,cpc,$0 ,$0 ,,
,google,cpc,$0 ,$0 ,,
,google,cpc,$0 ,$0 ,,
,google,cpc,$0 ,$0 ,,
,google,cpc,$0 ,$0 ,,
,google,cpc,$0 ,$0 ,,
,google,cpc,$0 ,$0 ,,
,google,cpc,$0 ,$0 ,,
,google,cpc,$0 ,$0 ,,
,google,cpc,$0 ,$0 ,,
,google,organic,$0 ,$0 ,,
,bing,cpc,$0 ,$0 ,,
,google,cpc,$0 ,$0 ,,
,google,cpc,$0 ,$0 ,,
,bing,cpc,$0 ,$0 ,,
,bing,cpc,$0 ,$0 ,,
,google,cpc,$0 ,$0 ,,
,google,cpc,$0 ,$0 ,,
,google,cpc,$0 ,$0 ,,
,google,cpc,$0 ,$0 ,,
,google,cpc,$0 ,$0 ,,
,google,cpc,$0 ,$0 ,,
,google,cpc,$0 ,$0 ,,
,google,cpc,$0 ,$0 ,,
,google,cpc,$0 ,$0 ,,
,google,cpc,$0 ,$0 ,,
,google,cpc,$0 ,$0 ,,
,google,cpc,$0 ,$0 ,,
,google,organic,$0 ,$0 ,,
,google,cpc,$0 ,$0 ,,
,google,cpc,$0 ,$0 ,,
,google,cpc,$0 ,$0 ,,
,google,cpc,$0 ,$0 ,,
,google,cpc,$0 ,$0 ,,
,google,cpc,$0 ,$0 ,,
,google,cpc,$0 ,$0 ,,
,google,cpc,$0 ,$0 ,,
,google,cpc,$0 ,$0 ,,
,google,cpc,$0 ,$0 ,,
,google,cpc,$0 ,$0 ,,
,google,cpc,$0 ,$0 ,,
,google,cpc,$0 ,$0 ,,
,google,cpc,$0 ,$0 ,,
,google,cpc,$0 ,$0 ,,
,google,cpc,$0 ,$0 ,,
,google,cpc,$0 ,$0 ,,
,google,cpc,$0 ,$0 ,,
,google,cpc,$0 ,$0 ,,
,google,cpc,$0 ,$0 ,,
,google,cpc,$0 ,$0 ,,
,google,cpc,$0 ,$0 ,,
,google,organic,$0 ,$0 ,,
,google,organic,$0 ,$0 ,,
,google,cpc,$0 ,$0 ,,
,google,cpc,$0 ,$0 ,,
,google,organic,$0 ,$0 ,,
,google,cpc,$0 ,$0 ,,
,google,cpc,$0 ,$0 ,,
,google,cpc,$0 ,$0 ,,
,google,cpc,$0 ,$0 ,,
,google,cpc,$0 ,$0 ,,
,google,cpc,$0 ,$0 ,,
,google,cpc,$0 ,$0 ,,
,google,cpc,$0 ,$0 ,,
,google,cpc,$0 ,$0 ,,
,google,cpc,$0 ,$0 ,,
,google,cpc,$0 ,$0 ,,
,google,cpc,$0 ,$0 ,,
,google,organic,$0 ,$0 ,,
,google,cpc,$0 ,$0 ,,
,google,organic,$0 ,$0 ,,
,google,cpc,$0 ,$0 ,,
,google,cpc,$0 ,$0 ,,
,google,cpc,$0 ,$0 ,,
,google,cpc,$0 ,$0 ,,
,google,cpc,$0 ,$0 ,,
,google,organic,$0 ,$0 ,,
,google,cpc,$0 ,$0 ,,
,google,organic,$0 ,$0 ,,
,google,cpc,$0 ,$0 ,,
,google,cpc,$0 ,$0 ,,
,google,cpc,$0 ,$0 ,,
,google,cpc,$0 ,$0 ,,
,google,cpc,$0 ,$0 ,,
,google,cpc,$0 ,$0 ,,
,google,cpc,$0 ,$0 ,,
,google,cpc,$0 ,$0 ,,
,google,cpc,$0 ,$0 ,,
,google,cpc,$0 ,$0 ,,
,google,cpc,$0 ,$0 ,,
,google,cpc,$0 ,$0 ,,
,google,cpc,$0 ,$0 ,,
,google,cpc,$0 ,$0 ,,
,google,cpc,$0 ,$0 ,,
,google,cpc,$0 ,$0 ,,
,google,cpc,$0 ,$0 ,,
,google,cpc,$0 ,$0 ,,
,google,cpc,$0 ,$0 ,,
,google,organic,$0 ,$0 ,,
,google,cpc,$0 ,$0 ,,
,google,cpc,$0 ,$0 ,,
,google,cpc,$0 ,$0 ,,
,google,cpc,$0 ,$0 ,,
,google,cpc,$0 ,$0 ,,
,google,cpc,$0 ,$0 ,,
,google,cpc,$0 ,$0 ,,
,google,cpc,$0 ,$0 ,,
,google,cpc,$0 ,$0 ,,
,google,cpc,$0 ,$0 ,,
,google,cpc,$0 ,$0 ,,
,google,cpc,$0 ,$0 ,,
,google,cpc,$0 ,$0 ,,
,google,cpc,$0 ,$0 ,,
,google,cpc,$0 ,$0 ,,
,google,cpc,$0 ,$0 ,,
,google,cpc,$0 ,$0 ,,
,google,organic,$0 ,$0 ,,
,google,cpc,$0 ,$0 ,,
,google,cpc,$0 ,$0 ,,
,google,cpc,$0 ,$0 ,,
,google,cpc,$0 ,$0 ,,
,google,cpc,$0 ,$0 ,,
,google,cpc,$0 ,$0 ,,
,google,cpc,$0 ,$0 ,,
,google,cpc,$0 ,$0 ,,
,google,cpc,$0 ,$0 ,,
,google,cpc,$0 ,$0 ,,
,google,cpc,$0 ,$0 ,,
,google,cpc,$0 ,$0 ,,
,google,cpc,$0 ,$0 ,,
,google,cpc,$0 ,$0 ,,
,google,cpc,$0 ,$0 ,,
,google,cpc,$0 ,$0 ,,
,google,cpc,$0 ,$0 ,,
,google,cpc,$0 ,$0 ,,
,google,cpc,$0 ,$0 ,,
,google,cpc,$0 ,$0 ,,
,google,organic,$0 ,$0 ,,
,google,cpc,$0 ,$0 ,,
,google,cpc,$0 ,$0 ,,
,google,cpc,$0 ,$0 ,,
,google,cpc,$0 ,$0 ,,
,google,cpc,$0 ,$0 ,,
,google,cpc,$0 ,$0 ,,
,google,cpc,$0 ,$0 ,,
,google,organic,$0 ,$0 ,,
,google,cpc,$0 ,$0 ,,
,google,organic,$0 ,$0 ,,
,google,cpc,$0 ,$0 ,,
,google,cpc,$0 ,$0 ,,
,google,cpc,$0 ,$0 ,,
,google,cpc,$0 ,$0 ,,
,google,cpc,$0 ,$0 ,,
,google,organic,$0 ,$0 ,,
,google,cpc,$0 ,$0 ,,
,bing,cpc,$0 ,$0 ,,
,google,cpc,$0 ,$0 ,,
,google,cpc,$0 ,$0 ,,
,google,cpc,$0 ,$0 ,,
,google,cpc,$0 ,$0 ,,
,google,cpc,$0 ,$0 ,,
,google,cpc,$0 ,$0 ,,
,google,cpc,$0 ,$0 ,,
,google,cpc,$0 ,$0 ,,
,google,cpc,$0 ,$0 ,,
,google,organic,$0 ,$0 ,,
,google,cpc,$0 ,$0 ,,
,google,cpc,$0 ,$0 ,,
,google,cpc,$0 ,$0 ,,
,google,cpc,$0 ,$0 ,,
,google,cpc,$0 ,$0 ,,
,google,organic,$0 ,$0 ,,
,google,cpc,$0 ,$0 ,,
,google,organic,$0 ,$0 ,,
,google,cpc,$0 ,$0 ,,
,bing,organic,$0 ,$0 ,,
,google,cpc,$0 ,$0 ,,
,google,organic,$0 ,$0 ,,
,google,cpc,$0 ,$0 ,,
,google,organic,$0 ,$0 ,,
,google,cpc,$0 ,$0 ,,
,google,cpc,$0 ,$0 ,,
,google,cpc,$0 ,$0 ,,
,google,cpc,$0 ,$0 ,,
,google,cpc,$0 ,$0 ,,
,google,cpc,$0 ,$0 ,,
,google,cpc,$0 ,$0 ,,
,google,cpc,$0 ,$0 ,,
,google,cpc,$0 ,$0 ,,
,google,cpc,$0 ,$0 ,,
,google,cpc,$0 ,$0 ,,
,google,cpc,$0 ,$0 ,,
,google,cpc,$0 ,$0 ,,
,google,cpc,$0 ,$0 ,,
,google,cpc,$0 ,$0 ,,
,google,organic,$0 ,$0 ,,
,google,organic,$0 ,$0 ,,
,bing,cpc,$0 ,$0 ,,
,google,cpc,$0 ,$0 ,,
,google,cpc,$0 ,$0 ,,
,google,cpc,$0 ,$0 ,,
,google,cpc,$0 ,$0 ,,
,google,cpc,$0 ,$0 ,,
,google,cpc,$0 ,$0 ,,
,google,cpc,$0 ,$0 ,,
,google,cpc,$0 ,$0 ,,
,google,cpc,$0 ,$0 ,,
,google,cpc,$0 ,$0 ,,
,google,cpc,$0 ,$0 ,,
,google,cpc,$0 ,$0 ,,
,google,cpc,$0 ,$0 ,,
,google,cpc,$0 ,$0 ,,
,google,cpc,$0 ,$0 ,,
,bing,cpc,$0 ,$0 ,,
,google,cpc,$0 ,$0 ,,
,google,cpc,$0 ,$0 ,,
,google,cpc,$0 ,$0 ,,
,google,cpc,$0 ,$0 ,,
,google,cpc,$0 ,$0 ,,
,google,cpc,$0 ,$0 ,,
,google,cpc,$0 ,$0 ,,
,google,cpc,$0 ,$0 ,,
,google,cpc,$0 ,$0 ,,
,google,cpc,$0 ,$0 ,,
,google,cpc,$0 ,$0 ,,
,google,cpc,$0 ,$0 ,,
,google,cpc,$0 ,$0 ,,
,google,organic,$0 ,$0 ,,
,google,cpc,$0 ,$0 ,,
,bing,cpc,$0 ,$0 ,,
,google,cpc,$0 ,$0 ,,
,google,cpc,$0 ,$0 ,,
,google,organic,$0 ,$0 ,,
,google,cpc,$0 ,$0 ,,
,google,cpc,$0 ,$0 ,,
,google,cpc,$0 ,$0 ,,
,google,cpc,$0 ,$0 ,,
,google,cpc,$0 ,$0 ,,
,google,cpc,$0 ,$0 ,,
,google,cpc,$0 ,$0 ,,
,google,cpc,$0 ,$0 ,,
,google,cpc,$0 ,$0 ,,
,google,cpc,$0 ,$0 ,,
,google,cpc,$0 ,$0 ,,
,google,cpc,$0 ,$0 ,,
,google,cpc,$0 ,$0 ,,
,google,cpc,$0 ,$0 ,,
,google,cpc,$0 ,$0 ,,
,google,cpc,$0 ,$0 ,,
,google,cpc,$0 ,$0 ,,
,bing,cpc,$0 ,$0 ,,
,google,cpc,$0 ,$0 ,,
,google,organic,$0 ,$0 ,,
,google,cpc,$0 ,$0 ,,
,google,cpc,$0 ,$0 ,,
,bing,cpc,$0 ,$0 ,,
,google,organic,$0 ,$0 ,,
,google,cpc,$0 ,$0 ,,
,google,cpc,$0 ,$0 ,,
,bing,cpc,$0 ,$0 ,,
,google,cpc,$0 ,$0 ,,
,google,cpc,$0 ,$0 ,,
,google,cpc,$0 ,$0 ,,
,google,cpc,$0 ,$0 ,,
,google,cpc,$0 ,$0 ,,
,google,cpc,$0 ,$0 ,,
,google,cpc,$0 ,$0 ,,
,google,cpc,$0 ,$0 ,,
,google,cpc,$0 ,$0 ,,
,google,cpc,$0 ,$0 ,,
,google,cpc,$0 ,$0 ,,
,google,cpc,$0 ,$0 ,,
,google,cpc,$0 ,$0 ,,
,google,cpc,$0 ,$0 ,,
,google,cpc,$0 ,$0 ,,
,google,cpc,$0 ,$0 ,,
,google,cpc,$0 ,$0 ,,
,google,cpc,$0 ,$0 ,,
,google,cpc,$0 ,$0 ,,
,google,cpc,$0 ,$0 ,,
,google,cpc,$0 ,$0 ,,
,google,cpc,$0 ,$0 ,,
,google,cpc,$0 ,$0 ,,
,bing,cpc,$0 ,$0 ,,
,google,cpc,$0 ,$0 ,,
,google,cpc,$0 ,$0 ,,
,google,cpc,$0 ,$0 ,,
,google,cpc,$0 ,$0 ,,
,google,cpc,$0 ,$0 ,,
,google,cpc,$0 ,$0 ,,
,google,cpc,$0 ,$0 ,,
,google,cpc,$0 ,$0 ,,
,google,cpc,$0 ,$0 ,,
,google,cpc,$0 ,$0 ,,
,google,organic,$0 ,$0 ,,
,google,cpc,$0 ,$0 ,,
,google,cpc,$0 ,$0 ,,
,google,cpc,$0 ,$0 ,,
,google,cpc,$0 ,$0 ,,
,google,cpc,$0 ,$0 ,,
,bing,organic,$0 ,$0 ,,
,google,organic,$0 ,$0 ,,
,google,organic,$0 ,$0 ,,
,google,cpc,$0 ,$0 ,,
,google,organic,$0 ,$0 ,,
,google,cpc,$0 ,$0 ,,
,google,cpc,$0 ,$0 ,,
,google,cpc,$0 ,$0 ,,
,google,cpc,$0 ,$0 ,,
,google,cpc,$0 ,$0 ,,
,google,organic,$0 ,$0 ,,
,google,cpc,$0 ,$0 ,,
,google,cpc,$0 ,$0 ,,
,google,cpc,$0 ,$0 ,,
,google,cpc,$0 ,$0 ,,
,google,cpc,$0 ,$0 ,,
,google,cpc,$0 ,$0 ,,
,google,cpc,$0 ,$0 ,,
,google,cpc,$0 ,$0 ,,
,google,cpc,$0 ,$0 ,,
,google,cpc,$0 ,$0 ,,
,google,cpc,$0 ,$0 ,,
,google,cpc,$0 ,$0 ,,
,google,cpc,$0 ,$0 ,,
,google,cpc,$0 ,$0 ,,
,google,organic,$0 ,$0 ,,
,google,cpc,$0 ,$0 ,,
,google,cpc,$0 ,$0 ,,
,google,cpc,$0 ,$0 ,,
,google,cpc,$0 ,$0 ,,
,google,cpc,$0 ,$0 ,,
,google,cpc,$0 ,$0 ,,
,google,cpc,$0 ,$0 ,,
,google,cpc,$0 ,$0 ,,
,google,cpc,$0 ,$0 ,,
,google,cpc,$0 ,$0 ,,
,google,cpc,$0 ,$0 ,,
,google,cpc,$0 ,$0 ,,
,google,cpc,$0 ,$0 ,,
,google,cpc,$0 ,$0 ,,
,google,cpc,$0 ,$0 ,,
,google,cpc,$0 ,$0 ,,
,google,cpc,$0 ,$0 ,,
,google,cpc,$0 ,$0 ,,
,google,cpc,$0 ,$0 ,,
,google,cpc,$0 ,$0 ,,
,google,cpc,$0 ,$0 ,,
,bing,cpc,$0 ,$0 ,,
,google,cpc,$0 ,$0 ,,
,google,cpc,$0 ,$0 ,,
,google,cpc,$0 ,$0 ,,
,google,organic,$0 ,$0 ,,
,google,cpc,$0 ,$0 ,,
,google,cpc,$0 ,$0 ,,
,google,cpc,$0 ,$0 ,,
,google,cpc,$0 ,$0 ,,
,google,cpc,$0 ,$0 ,,
,google,cpc,$0 ,$0 ,,
,google,cpc,$0 ,$0 ,,
,google,cpc,$0 ,$0 ,,
,google,cpc,$0 ,$0 ,,
,google,cpc,$0 ,$0 ,,
,google,cpc,$0 ,$0 ,,
,google,cpc,$0 ,$0 ,,
,google,cpc,$0 ,$0 ,,
,google,cpc,$0 ,$0 ,,
,google,cpc,$0 ,$0 ,,
,google,cpc,$0 ,$0 ,,
,google,cpc,$0 ,$0 ,,
,google,cpc,$0 ,$0 ,,
,google,cpc,$0 ,$0 ,,
,google,cpc,$0 ,$0 ,,
,google,cpc,$0 ,$0 ,,
,google,cpc,$0 ,$0 ,,
,google,cpc,$0 ,$0 ,,
,bing,cpc,$0 ,$0 ,,
,google,cpc,$0 ,$0 ,,
,google,cpc,$0 ,$0 ,,
,google,organic,$0 ,$0 ,,
,google,organic,$0 ,$0 ,,
,google,cpc,$0 ,$0 ,,
,google,organic,$0 ,$0 ,,
,google,cpc,$0 ,$0 ,,
,google,cpc,$0 ,$0 ,,
,google,cpc,$0 ,$0 ,,
,google,cpc,$0 ,$0 ,,
,google,cpc,$0 ,$0 ,,
,bing,cpc,$0 ,$0 ,,
,google,cpc,$0 ,$0 ,,
,google,organic,$0 ,$0 ,,
,google,cpc,$0 ,$0 ,,
,google,cpc,$0 ,$0 ,,
,google,cpc,$0 ,$0 ,,
,google,cpc,$0 ,$0 ,,
,google,organic,$0 ,$0 ,,
,google,cpc,$0 ,$0 ,,
,google,cpc,$0 ,$0 ,,
,bing,cpc,$0 ,$0 ,,
,google,cpc,$0 ,$0 ,,
,google,organic,$0 ,$0 ,,
,google,cpc,$0 ,$0 ,,
,google,cpc,$0 ,$0 ,,
,google,organic,$0 ,$0 ,,
,google,cpc,$0 ,$0 ,,
,google,cpc,$0 ,$0 ,,
,google,cpc,$0 ,$0 ,,
,google,cpc,$0 ,$0 ,,
,google,organic,$0 ,$0 ,,
,google,cpc,$0 ,$0 ,,
,google,cpc,$0 ,$0 ,,
,google,cpc,$0 ,$0 ,,
,google,organic,$0 ,$0 ,,
,google,organic,$0 ,$0 ,,
,google,organic,$0 ,$0 ,,
,google,cpc,$0 ,$0 ,,
,google,cpc,$0 ,$0 ,,
,google,cpc,$0 ,$0 ,,
,google,cpc,$0 ,$0 ,,
,google,cpc,$0 ,$0 ,,
,google,cpc,$0 ,$0 ,,
,bing,cpc,$0 ,$0 ,,
,google,cpc,$0 ,$0 ,,
,google,cpc,$0 ,$0 ,,
,google,cpc,$0 ,$0 ,,
,google,cpc,$0 ,$0 ,,
,google,cpc,$0 ,$0 ,,
,google,cpc,$0 ,$0 ,,
,google,organic,$0 ,$0 ,,
,google,cpc,$0 ,$0 ,,
,google,cpc,$0 ,$0 ,,
,google,cpc,$0 ,$0 ,,
,google,cpc,$0 ,$0 ,,
,google,cpc,$0 ,$0 ,,
,google,cpc,$0 ,$0 ,,
,bing,cpc,$0 ,$0 ,,
,google,organic,$0 ,$0 ,,
,google,cpc,$0 ,$0 ,,
,google,cpc,$0 ,$0 ,,
,google,cpc,$0 ,$0 ,,
,google,organic,$0 ,$0 ,,
,google,organic,$0 ,$0 ,,
,google,cpc,$0 ,$0 ,,
,google,cpc,$0 ,$0 ,,
,google,cpc,$0 ,$0 ,,
,google,cpc,$0 ,$0 ,,
,google,organic,$0 ,$0 ,,
,google,cpc,$0 ,$0 ,,
,google,cpc,$0 ,$0 ,,
,google,organic,$0 ,$0 ,,
,google,cpc,$0 ,$0 ,,
,google,cpc,$0 ,$0 ,,
,bing,cpc,$0 ,$0 ,,
,google,cpc,$0 ,$0 ,,
,bing,cpc,$0 ,$0 ,,
,google,organic,$0 ,$0 ,,
,google,cpc,$0 ,$0 ,,
,google,cpc,$0 ,$0 ,,
,google,cpc,$0 ,$0 ,,
,google,cpc,$0 ,$0 ,,
,google,cpc,$0 ,$0 ,,
,google,cpc,$0 ,$0 ,,
,google,organic,$0 ,$0 ,,
,google,organic,$0 ,$0 ,,
,google,cpc,$0 ,$0 ,,
,google,cpc,$0 ,$0 ,,
,google,cpc,$0 ,$0 ,,
,google,cpc,$0 ,$0 ,,
,google,cpc,$0 ,$0 ,,
,google,cpc,$0 ,$0 ,,
,google,cpc,$0 ,$0 ,,
,google,cpc,$0 ,$0 ,,
,google,cpc,$0 ,$0 ,,
,google,organic,$0 ,$0 ,,
,google,cpc,$0 ,$0 ,,
,google,cpc,$0 ,$0 ,,
,google,cpc,$0 ,$0 ,,
,google,cpc,$0 ,$0 ,,
,google,cpc,$0 ,$0 ,,
,google,cpc,$0 ,$0 ,,
,google,cpc,$0 ,$0 ,,
,google,organic,$0 ,$0 ,,
,google,cpc,$0 ,$0 ,,
,google,cpc,$0 ,$0 ,,
,google,cpc,$0 ,$0 ,,
,google,cpc,$0 ,$0 ,,
,google,cpc,$0 ,$0 ,,
,google,cpc,$0 ,$0 ,,
,google,organic,$0 ,$0 ,,
,google,cpc,$0 ,$0 ,,
,google,cpc,$0 ,$0 ,,
,google,organic,$0 ,$0 ,,
,google,cpc,$0 ,$0 ,,
,google,cpc,$0 ,$0 ,,
,google,cpc,$0 ,$0 ,,
,bing,organic,$0 ,$0 ,,
,google,cpc,$0 ,$0 ,,
,google,cpc,$0 ,$0 ,,
,google,cpc,$0 ,$0 ,,
,google,cpc,$0 ,$0 ,,
,google,cpc,$0 ,$0 ,,
,bing,cpc,$0 ,$0 ,,
,google,cpc,$0 ,$0 ,,
,google,cpc,$0 ,$0 ,,
,google,cpc,$0 ,$0 ,,
,google,cpc,$0 ,$0 ,,
,google,cpc,$0 ,$0 ,,
,google,cpc,$0 ,$0 ,,
,google,cpc,$0 ,$0 ,,
,google,cpc,$0 ,$0 ,,
,google,cpc,$0 ,$0 ,,
,google,cpc,$0 ,$0 ,,
,google,cpc,$0 ,$0 ,,
,google,cpc,$0 ,$0 ,,
,google,cpc,$0 ,$0 ,,
,google,cpc,$0 ,$0 ,,
,google,organic,$0 ,$0 ,,
,google,cpc,$0 ,$0 ,,
,google,cpc,$0 ,$0 ,,
,google,cpc,$0 ,$0 ,,
,google,cpc,$0 ,$0 ,,
,bing,cpc,$0 ,$0 ,,
,google,organic,$0 ,$0 ,,
,google,cpc,$0 ,$0 ,,
,google,cpc,$0 ,$0 ,,
,google,organic,$0 ,$0 ,,
,google,cpc,$0 ,$0 ,,
,google,cpc,$0 ,$0 ,,
,google,cpc,$0 ,$0 ,,
,google,cpc,$0 ,$0 ,,
,google,cpc,$0 ,$0 ,,
,google,cpc,$0 ,$0 ,,
,google,cpc,$0 ,$0 ,,
,google,cpc,$0 ,$0 ,,
,google,cpc,$0 ,$0 ,,
,google,cpc,$0 ,$0 ,,
,google,cpc,$0 ,$0 ,,
,google,organic,$0 ,$0 ,,
,google,cpc,$0 ,$0 ,,
,bing,cpc,$0 ,$0 ,,
,google,organic,$0 ,$0 ,,
,google,cpc,$0 ,$0 ,,
,google,cpc,$0 ,$0 ,,
,google,organic,$0 ,$0 ,,
,google,cpc,$0 ,$0 ,,
,google,cpc,$0 ,$0 ,,
,google,cpc,$0 ,$0 ,,
,google,cpc,$0 ,$0 ,,
,google,cpc,$0 ,$0 ,,
,google,cpc,$0 ,$0 ,,
,google,organic,$0 ,$0 ,,
,google,cpc,$0 ,$0 ,,
,google,cpc,$0 ,$0 ,,
,google,cpc,$0 ,$0 ,,
,google,cpc,$0 ,$0 ,,
,google,cpc,$0 ,$0 ,,
,google,cpc,$0 ,$0 ,,
,google,cpc,$0 ,$0 ,,
,google,cpc,$0 ,$0 ,,
,google,cpc,$0 ,$0 ,,
,google,cpc,$0 ,$0 ,,
,google,cpc,$0 ,$0 ,,
,google,cpc,$0 ,$0 ,,
,google,cpc,$0 ,$0 ,,
,google,cpc,$0 ,$0 ,,
,google,cpc,$0 ,$0 ,,
,google,organic,$0 ,$0 ,,
,google,cpc,$0 ,$0 ,,
,google,cpc,$0 ,$0 ,,
,google,cpc,$0 ,$0 ,,
,google,cpc,$0 ,$0 ,,
,google,cpc,$0 ,$0 ,,
,bing,cpc,$0 ,$0 ,,
,google,cpc,$0 ,$0 ,,
,google,cpc,$0 ,$0 ,,
,google,cpc,$0 ,$0 ,,
,google,cpc,$0 ,$0 ,,
,google,cpc,$0 ,$0 ,,
,google,organic,$0 ,$0 ,,
,google,organic,$0 ,$0 ,,
,google,cpc,$0 ,$0 ,,
,google,cpc,$0 ,$0 ,,
,google,cpc,$0 ,$0 ,,
,google,cpc,$0 ,$0 ,,
,google,cpc,$0 ,$0 ,,
,bing,cpc,$0 ,$0 ,,
,google,cpc,$0 ,$0 ,,
,google,organic,$0 ,$0 ,,
,google,organic,$0 ,$0 ,,
,google,cpc,$0 ,$0 ,,
,google,cpc,$0 ,$0 ,,
,google,organic,$0 ,$0 ,,
,google,cpc,$0 ,$0 ,,
,google,cpc,$0 ,$0 ,,
,google,cpc,$0 ,$0 ,,
,google,organic,$0 ,$0 ,,
,google,cpc,$0 ,$0 ,,
,google,cpc,$0 ,$0 ,,
,google,cpc,$0 ,$0 ,,
,google,organic,$0 ,$0 ,,
,google,cpc,$0 ,$0 ,,
,google,cpc,$0 ,$0 ,,
,google,cpc,$0 ,$0 ,,
,google,cpc,$0 ,$0 ,,
,bing,cpc,$0 ,$0 ,,
,google,cpc,$0 ,$0 ,,
,google,cpc,$0 ,$0 ,,
,google,cpc,$0 ,$0 ,,
,google,cpc,$0 ,$0 ,,
,google,cpc,$0 ,$0 ,,
,google,cpc,$0 ,$0 ,,
,google,cpc,$0 ,$0 ,,
,bing,cpc,$0 ,$0 ,,
,google,cpc,$0 ,$0 ,,
,google,cpc,$0 ,$0 ,,
,google,organic,$0 ,$0 ,,
,google,organic,$0 ,$0 ,,
,google,organic,$0 ,$0 ,,
,google,cpc,$0 ,$0 ,,
,bing,cpc,$0 ,$0 ,,
,google,cpc,$0 ,$0 ,,
,google,organic,$0 ,$0 ,,
,google,organic,$0 ,$0 ,,
,google,organic,$0 ,$0 ,,
,google,cpc,$0 ,$0 ,,
,google,cpc,$0 ,$0 ,,
,google,cpc,$0 ,$0 ,,
,google,cpc,$0 ,$0 ,,
,google,cpc,$0 ,$0 ,,
,google,cpc,$0 ,$0 ,,
,google,cpc,$0 ,$0 ,,
,google,cpc,$0 ,$0 ,,
,google,cpc,$0 ,$0 ,,
,google,organic,$0 ,$0 ,,
,google,cpc,$0 ,$0 ,,
,google,cpc,$0 ,$0 ,,
,google,cpc,$0 ,$0 ,,
,google,organic,$0 ,$0 ,,
,bing,cpc,$0 ,$0 ,,
,google,cpc,$0 ,$0 ,,
,google,organic,$0 ,$0 ,,
,google,organic,$0 ,$0 ,,
,google,organic,$0 ,$0 ,,
,google,cpc,$0 ,$0 ,,
,google,cpc,$0 ,$0 ,,
,google,cpc,$0 ,$0 ,,
,google,cpc,$0 ,$0 ,,
,google,cpc,$0 ,$0 ,,
,google,organic,$0 ,$0 ,,
,google,cpc,$0 ,$0 ,,
,google,organic,$0 ,$0 ,,
,google,cpc,$0 ,$0 ,,
,google,cpc,$0 ,$0 ,,
,google,cpc,$0 ,$0 ,,
,google,cpc,$0 ,$0 ,,
,bing,cpc,$0 ,$0 ,,
,google,cpc,$0 ,$0 ,,
,google,cpc,$0 ,$0 ,,
,google,cpc,$0 ,$0 ,,
,google,organic,$0 ,$0 ,,
,google,cpc,$0 ,$0 ,,
,google,cpc,$0 ,$0 ,,
,google,cpc,$0 ,$0 ,,
,google,cpc,$0 ,$0 ,,
,google,organic,$0 ,$0 ,,
,google,cpc,$0 ,$0 ,,
,google,cpc,$0 ,$0 ,,
,google,cpc,$0 ,$0 ,,
,google,cpc,$0 ,$0 ,,
,google,cpc,$0 ,$0 ,,
,bing,cpc,$0 ,$0 ,,
,google,organic,$0 ,$0 ,,
,google,cpc,$0 ,$0 ,,
,google,cpc,$0 ,$0 ,,
,google,organic,$0 ,$0 ,,
,google,cpc,$0 ,$0 ,,
,google,cpc,$0 ,$0 ,,
,google,cpc,$0 ,$0 ,,
,google,cpc,$0 ,$0 ,,
,google,cpc,$0 ,$0 ,,
,google,cpc,$0 ,$0 ,,
,google,cpc,$0 ,$0 ,,
,google,cpc,$0 ,$0 ,,
,google,cpc,$0 ,$0 ,,
,google,cpc,$0 ,$0 ,,
,google,organic,$0 ,$0 ,,
,google,cpc,$0 ,$0 ,,
,google,cpc,$0 ,$0 ,,
,google,cpc,$0 ,$0 ,,
,google,cpc,$0 ,$0 ,,
,google,cpc,$0 ,$0 ,,
,google,organic,$0 ,$0 ,,
,google,cpc,$0 ,$0 ,,
,google,cpc,$0 ,$0 ,,
,google,organic,$0 ,$0 ,,
,google,cpc,$0 ,$0 ,,
,google,cpc,$0 ,$0 ,,
,google,cpc,$0 ,$0 ,,
,google,cpc,$0 ,$0 ,,
,google,cpc,$0 ,$0 ,,
,google,organic,$0 ,$0 ,,
,bing,cpc,$0 ,$0 ,,
,google,organic,$0 ,$0 ,,
,google,cpc,$0 ,$0 ,,
,google,cpc,$0 ,$0 ,,
,bing,cpc,$0 ,$0 ,,
,google,cpc,$0 ,$0 ,,
,google,organic,$0 ,$0 ,,
,google,cpc,$0 ,$0 ,,
,google,organic,$0 ,$0 ,,
,google,cpc,$0 ,$0 ,,
,google,cpc,$0 ,$0 ,,
,google,organic,$0 ,$0 ,,
,google,cpc,$0 ,$0 ,,
,google,cpc,$0 ,$0 ,,
,google,cpc,$0 ,$0 ,,
,google,cpc,$0 ,$0 ,,
,google,cpc,$0 ,$0 ,,
,google,cpc,$0 ,$0 ,,
,google,cpc,$0 ,$0 ,,
,google,cpc,$0 ,$0 ,,
,google,cpc,$0 ,$0 ,,
,google,cpc,$0 ,$0 ,,
,google,cpc,$0 ,$0 ,,
,google,organic,$0 ,$0 ,,
,google,organic,$0 ,$0 ,,
,google,cpc,$0 ,$0 ,,
,google,cpc,$0 ,$0 ,,
,google,cpc,$0 ,$0 ,,
,google,cpc,$0 ,$0 ,,
,google,organic,$0 ,$0 ,,
,google,cpc,$0 ,$0 ,,
,google,cpc,$0 ,$0 ,,
,google,cpc,$0 ,$0 ,,
,google,cpc,$0 ,$0 ,,
,google,cpc,$0 ,$0 ,,
,google,cpc,$0 ,$0 ,,
,google,cpc,$0 ,$0 ,,
,google,organic,$0 ,$0 ,,
,google,organic,$0 ,$0 ,,
,google,cpc,$0 ,$0 ,,
,google,cpc,$0 ,$0 ,,
,google,cpc,$0 ,$0 ,,
,google,organic,$0 ,$0 ,,
,google,cpc,$0 ,$0 ,,
,google,organic,$0 ,$0 ,,
,google,cpc,$0 ,$0 ,,
,google,cpc,$0 ,$0 ,,
,google,cpc,$0 ,$0 ,,
,google,cpc,$0 ,$0 ,,
,google,cpc,$0 ,$0 ,,
,google,cpc,$0 ,$0 ,,
,google,cpc,$0 ,$0 ,,
,google,organic,$0 ,$0 ,,
,bing,cpc,$0 ,$0 ,,
,google,cpc,$0 ,$0 ,,
,google,cpc,$0 ,$0 ,,
,google,cpc,$0 ,$0 ,,
,google,cpc,$0 ,$0 ,,
,google,cpc,$0 ,$0 ,,
,google,cpc,$0 ,$0 ,,
,google,cpc,$0 ,$0 ,,
,google,organic,$0 ,$0 ,,
,google,cpc,$0 ,$0 ,,
,google,organic,$0 ,$0 ,,
,google,cpc,$0 ,$0 ,,
,google,cpc,$0 ,$0 ,,
,google,organic,$0 ,$0 ,,
,google,cpc,$0 ,$0 ,,
,google,cpc,$0 ,$0 ,,
,google,cpc,$0 ,$0 ,,
,google,cpc,$0 ,$0 ,,
,google,cpc,$0 ,$0 ,,
,google,cpc,$0 ,$0 ,,
,google,organic,$0 ,$0 ,,
,google,cpc,$0 ,$0 ,,
,google,cpc,$0 ,$0 ,,
,google,cpc,$0 ,$0 ,,
,google,cpc,$0 ,$0 ,,
,google,organic,$0 ,$0 ,,
,google,cpc,$0 ,$0 ,,
,bing,cpc,$0 ,$0 ,,
,google,cpc,$0 ,$0 ,,
,google,cpc,$0 ,$0 ,,
,google,cpc,$0 ,$0 ,,
,google,cpc,$0 ,$0 ,,
,google,cpc,$0 ,$0 ,,
,google,cpc,$0 ,$0 ,,
,google,organic,$0 ,$0 ,,
,google,cpc,$0 ,$0 ,,
,bing,cpc,$0 ,$0 ,,
,google,organic,$0 ,$0 ,,
,google,organic,$0 ,$0 ,,
,google,organic,$0 ,$0 ,,
,google,organic,$0 ,$0 ,,
,bing,cpc,$0 ,$0 ,,
,google,cpc,$0 ,$0 ,,
,google,cpc,$0 ,$0 ,,
,google,cpc,$0 ,$0 ,,
,bing,cpc,$0 ,$0 ,,
,google,cpc,$0 ,$0 ,,
,google,cpc,$0 ,$0 ,,
,google,cpc,$0 ,$0 ,,
,google,cpc,$0 ,$0 ,,
,google,cpc,$0 ,$0 ,,
,google,cpc,$0 ,$0 ,,
,google,cpc,$0 ,$0 ,,
,google,cpc,$0 ,$0 ,,
,google,organic,$0 ,$0 ,,
,google,organic,$0 ,$0 ,,
,google,organic,$0 ,$0 ,,
,google,organic,$0 ,$0 ,,
,google,organic,$0 ,$0 ,,
,google,cpc,$0 ,$0 ,,
,google,cpc,$0 ,$0 ,,
,google,organic,$0 ,$0 ,,
,google,cpc,$0 ,$0 ,,
,google,cpc,$0 ,$0 ,,
,google,cpc,$0 ,$0 ,,
,bing,cpc,$0 ,$0 ,,
,google,cpc,$0 ,$0 ,,
,google,organic,$0 ,$0 ,,
,google,organic,$0 ,$0 ,,
,google,cpc,$0 ,$0 ,,
,google,cpc,$0 ,$0 ,,
,google,cpc,$0 ,$0 ,,
,google,cpc,$0 ,$0 ,,
,google,organic,$0 ,$0 ,,
,google,cpc,$0 ,$0 ,,
,google,cpc,$0 ,$0 ,,
,bing,cpc,$0 ,$0 ,,
,google,organic,$0 ,$0 ,,
,google,cpc,$0 ,$0 ,,
,google,cpc,$0 ,$0 ,,
,google,cpc,$0 ,$0 ,,
,google,cpc,$0 ,$0 ,,
,google,organic,$0 ,$0 ,,
,google,cpc,$0 ,$0 ,,
,google,cpc,$0 ,$0 ,,
,google,cpc,$0 ,$0 ,,
,google,cpc,$0 ,$0 ,,
,google,cpc,$0 ,$0 ,,
,bing,cpc,$0 ,$0 ,,
,google,cpc,$0 ,$0 ,,
,google,organic,$0 ,$0 ,,
,google,organic,$0 ,$0 ,,
,google,cpc,$0 ,$0 ,,
,google,cpc,$0 ,$0 ,,
,google,cpc,$0 ,$0 ,,
,google,cpc,$0 ,$0 ,,
,google,cpc,$0 ,$0 ,,
,google,cpc,$0 ,$0 ,,
,google,cpc,$0 ,$0 ,,
,google,cpc,$0 ,$0 ,,
,google,cpc,$0 ,$0 ,,
,google,cpc,$0 ,$0 ,,
,google,cpc,$0 ,$0 ,,
,google,organic,$0 ,$0 ,,
,google,cpc,$0 ,$0 ,,
,google,cpc,$0 ,$0 ,,
,google,cpc,$0 ,$0 ,,
,google,cpc,$0 ,$0 ,,
,google,organic,$0 ,$0 ,,
,google,organic,$0 ,$0 ,,
,google,cpc,$0 ,$0 ,,
,google,cpc,$0 ,$0 ,,
,google,cpc,$0 ,$0 ,,
,google,organic,$0 ,$0 ,,
,bing,cpc,$0 ,$0 ,,
,google,cpc,$0 ,$0 ,,
,bing,cpc,$0 ,$0 ,,
,google,organic,$0 ,$0 ,,
,google,cpc,$0 ,$0 ,,
,google,cpc,$0 ,$0 ,,
,google,cpc,$0 ,$0 ,,
,google,organic,$0 ,$0 ,,
,google,organic,$0 ,$0 ,,
,google,organic,$0 ,$0 ,,
,google,cpc,$0 ,$0 ,,
,google,cpc,$0 ,$0 ,,
,google,organic,$0 ,$0 ,,
,google,cpc,$0 ,$0 ,,
,google,cpc,$0 ,$0 ,,
,google,cpc,$0 ,$0 ,,
,google,cpc,$0 ,$0 ,,
,google,cpc,$0 ,$0 ,,
,google,organic,$0 ,$0 ,,
,google,cpc,$0 ,$0 ,,
,google,cpc,$0 ,$0 ,,
,google,cpc,$0 ,$0 ,,
,google,organic,$0 ,$0 ,,
,google,organic,$0 ,$0 ,,
,google,cpc,$0 ,$0 ,,
,google,organic,$0 ,$0 ,,
,bing,cpc,$0 ,$0 ,,
,google,cpc,$0 ,$0 ,,
,google,cpc,$0 ,$0 ,,
,google,cpc,$0 ,$0 ,,
,google,cpc,$0 ,$0 ,,
,bing,cpc,$0 ,$0 ,,
,google,organic,$0 ,$0 ,,
,google,cpc,$0 ,$0 ,,
,bing,cpc,$0 ,$0 ,,
,google,cpc,$0 ,$0 ,,
,google,cpc,$0 ,$0 ,,
,google,cpc,$0 ,$0 ,,
,google,cpc,$0 ,$0 ,,
,google,cpc,$0 ,$0 ,,
,google,organic,$0 ,$0 ,,
,google,organic,$0 ,$0 ,,
,google,organic,$0 ,$0 ,,
,google,cpc,$0 ,$0 ,,
,google,cpc,$0 ,$0 ,,
,bing,cpc,$0 ,$0 ,,
,google,cpc,$0 ,$0 ,,
,google,organic,$0 ,$0 ,,
,google,organic,$0 ,$0 ,,
,google,organic,$0 ,$0 ,,
,google,organic,$0 ,$0 ,,
,google,cpc,$0 ,$0 ,,
,google,cpc,$0 ,$0 ,,
,google,organic,$0 ,$0 ,,
,google,cpc,$0 ,$0 ,,
,google,cpc,$0 ,$0 ,,
,google,cpc,$0 ,$0 ,,
,google,cpc,$0 ,$0 ,,
,google,cpc,$0 ,$0 ,,
,bing,cpc,$0 ,$0 ,,
,google,cpc,$0 ,$0 ,,
,google,organic,$0 ,$0 ,,
,google,cpc,$0 ,$0 ,,
,google,cpc,$0 ,$0 ,,
,google,cpc,$0 ,$0 ,,
,google,cpc,$0 ,$0 ,,
,google,organic,$0 ,$0 ,,
,bing,cpc,$0 ,$0 ,,
,google,cpc,$0 ,$0 ,,
,google,cpc,$0 ,$0 ,,
,google,organic,$0 ,$0 ,,
,google,cpc,$0 ,$0 ,,
,google,cpc,$0 ,$0 ,,
,bing,cpc,$0 ,$0 ,,
,google,cpc,$0 ,$0 ,,
,google,cpc,$0 ,$0 ,,
,google,organic,$0 ,$0 ,,
,google,cpc,$0 ,$0 ,,
,google,cpc,$0 ,$0 ,,
,google,cpc,$0 ,$0 ,,
,google,cpc,$0 ,$0 ,,
,google,cpc,$0 ,$0 ,,
,google,cpc,$0 ,$0 ,,
,google,cpc,$0 ,$0 ,,
,google,cpc,$0 ,$0 ,,
,google,organic,$0 ,$0 ,,
,google,cpc,$0 ,$0 ,,
,google,cpc,$0 ,$0 ,,
,google,cpc,$0 ,$0 ,,
,google,cpc,$0 ,$0 ,,
,google,cpc,$0 ,$0 ,,
,google,organic,$0 ,$0 ,,
,google,organic,$0 ,$0 ,,
,google,organic,$0 ,$0 ,,
,google,cpc,$0 ,$0 ,,
,google,cpc,$0 ,$0 ,,
,google,organic,$0 ,$0 ,,
,google,cpc,$0 ,$0 ,,
,google,cpc,$0 ,$0 ,,
,google,cpc,$0 ,$0 ,,
,bing,cpc,$0 ,$0 ,,
,google,cpc,$0 ,$0 ,,
,google,organic,$0 ,$0 ,,
,google,organic,$0 ,$0 ,,
,google,cpc,$0 ,$0 ,,
,google,organic,$0 ,$0 ,,
,google,cpc,$0 ,$0 ,,
,google,cpc,$0 ,$0 ,,
,google,cpc,$0 ,$0 ,,
,google,cpc,$0 ,$0 ,,
,google,cpc,$0 ,$0 ,,
,google,cpc,$0 ,$0 ,,
,google,organic,$0 ,$0 ,,
,google,organic,$0 ,$0 ,,
,google,cpc,$0 ,$0 ,,
,google,cpc,$0 ,$0 ,,
,google,cpc,$0 ,$0 ,,
,google,cpc,$0 ,$0 ,,
,google,cpc,$0 ,$0 ,,
,google,cpc,$0 ,$0 ,,
,google,cpc,$0 ,$0 ,,
,google,cpc,$0 ,$0 ,,
,bing,cpc,$0 ,$0 ,,
,google,cpc,$0 ,$0 ,,
,google,organic,$0 ,$0 ,,
,google,cpc,$0 ,$0 ,,
,google,cpc,$0 ,$0 ,,
,google,cpc,$0 ,$0 ,,
,google,cpc,$0 ,$0 ,,
,google,organic,$0 ,$0 ,,
,bing,cpc,$0 ,$0 ,,
,google,cpc,$0 ,$0 ,,
,google,cpc,$0 ,$0 ,,
,google,organic,$0 ,$0 ,,
,google,organic,$0 ,$0 ,,
,google,cpc,$0 ,$0 ,,
,google,cpc,$0 ,$0 ,,
,bing,organic,$0 ,$0 ,,
,google,cpc,$0 ,$0 ,,
,google,organic,$0 ,$0 ,,
,google,cpc,$0 ,$0 ,,
,google,cpc,$0 ,$0 ,,
,google,cpc,$0 ,$0 ,,
,google,cpc,$0 ,$0 ,,
,google,cpc,$0 ,$0 ,,
,google,organic,$0 ,$0 ,,
,google,organic,$0 ,$0 ,,
,google,organic,$0 ,$0 ,,
,google,organic,$0 ,$0 ,,
,google,organic,$0 ,$0 ,,
,google,organic,$0 ,$0 ,,
,google,cpc,$0 ,$0 ,,
,google,organic,$0 ,$0 ,,
,google,cpc,$0 ,$0 ,,
,google,cpc,$0 ,$0 ,,
,google,cpc,$0 ,$0 ,,
,google,cpc,$0 ,$0 ,,
,google,organic,$0 ,$0 ,,
,google,cpc,$0 ,$0 ,,
,google,cpc,$0 ,$0 ,,
,google,cpc,$0 ,$0 ,,
,google,cpc,$0 ,$0 ,,
,google,cpc,$0 ,$0 ,,
,google,organic,$0 ,$0 ,,
,bing,cpc,$0 ,$0 ,,
,google,cpc,$0 ,$0 ,,
,google,cpc,$0 ,$0 ,,
,google,cpc,$0 ,$0 ,,
,google,cpc,$0 ,$0 ,,
,google,cpc,$0 ,$0 ,,
,google,cpc,$0 ,$0 ,,
,google,cpc,$0 ,$0 ,,
,google,cpc,$0 ,$0 ,,
,google,cpc,$0 ,$0 ,,
,google,cpc,$0 ,$0 ,,
,google,cpc,$0 ,$0 ,,
,google,cpc,$0 ,$0 ,,
,bing,cpc,$0 ,$0 ,,
,google,cpc,$0 ,$0 ,,
,google,organic,$0 ,$0 ,,
,google,cpc,$0 ,$0 ,,
,google,cpc,$0 ,$0 ,,
,google,cpc,$0 ,$0 ,,
,google,cpc,$0 ,$0 ,,
,google,cpc,$0 ,$0 ,,
,google,cpc,$0 ,$0 ,,
,google,cpc,$0 ,$0 ,,
,google,cpc,$0 ,$0 ,,
,google,cpc,$0 ,$0 ,,
,google,organic,$0 ,$0 ,,
,google,cpc,$0 ,$0 ,,
,google,cpc,$0 ,$0 ,,
,google,cpc,$0 ,$0 ,,
,google,cpc,$0 ,$0 ,,
,google,cpc,$0 ,$0 ,,
,google,organic,$0 ,$0 ,,
,google,cpc,$0 ,$0 ,,
,google,cpc,$0 ,$0 ,,
,google,cpc,$0 ,$0 ,,
,google,cpc,$0 ,$0 ,,
,google,organic,$0 ,$0 ,,
,google,cpc,$0 ,$0 ,,
,google,cpc,$0 ,$0 ,,
,google,organic,$0 ,$0 ,,
,google,organic,$0 ,$0 ,,
,google,organic,$0 ,$0 ,,
,google,cpc,$0 ,$0 ,,
,google,organic,$0 ,$0 ,,
,google,cpc,$0 ,$0 ,,
,google,cpc,$0 ,$0 ,,
,google,cpc,$0 ,$0 ,,
,google,cpc,$0 ,$0 ,,
,google,cpc,$0 ,$0 ,,
,google,cpc,$0 ,$0 ,,
,google,cpc,$0 ,$0 ,,
,google,organic,$0 ,$0 ,,
,google,cpc,$0 ,$0 ,,
,bing,cpc,$0 ,$0 ,,
,google,cpc,$0 ,$0 ,,
,google,cpc,$0 ,$0 ,,
,google,cpc,$0 ,$0 ,,
,bing,cpc,$0 ,$0 ,,
,google,cpc,$0 ,$0 ,,
,google,cpc,$0 ,$0 ,,
,google,organic,$0 ,$0 ,,
,google,cpc,$0 ,$0 ,,
,google,cpc,$0 ,$0 ,,
,google,cpc,$0 ,$0 ,,
,google,cpc,$0 ,$0 ,,
,google,cpc,$0 ,$0 ,,
,google,organic,$0 ,$0 ,,
,google,cpc,$0 ,$0 ,,
,google,cpc,$0 ,$0 ,,
,google,cpc,$0 ,$0 ,,
,bing,cpc,$0 ,$0 ,,
,google,organic,$0 ,$0 ,,
,google,cpc,$0 ,$0 ,,
,google,organic,$0 ,$0 ,,
,google,cpc,$0 ,$0 ,,
,google,cpc,$0 ,$0 ,,
,google,cpc,$0 ,$0 ,,
,bing,organic,$0 ,$0 ,,
,bing,organic,$0 ,$0 ,,
,google,organic,$0 ,$0 ,,
,google,organic,$0 ,$0 ,,
,google,organic,$0 ,$0 ,,
,google,cpc,$0 ,$0 ,,
,google,cpc,$0 ,$0 ,,
,google,cpc,$0 ,$0 ,,
,google,organic,$0 ,$0 ,,
,bing,cpc,$0 ,$0 ,,
,google,cpc,$0 ,$0 ,,
,google,cpc,$0 ,$0 ,,
,google,cpc,$0 ,$0 ,,
,google,cpc,$0 ,$0 ,,
,google,cpc,$0 ,$0 ,,
,google,cpc,$0 ,$0 ,,
,google,organic,$0 ,$0 ,,
,google,cpc,$0 ,$0 ,,
,google,organic,$0 ,$0 ,,
,google,cpc,$0 ,$0 ,,
,google,organic,$0 ,$0 ,,
,google,cpc,$0 ,$0 ,,
,google,organic,$0 ,$0 ,,
,google,cpc,$0 ,$0 ,,
,google,cpc,$0 ,$0 ,,
,google,organic,$0 ,$0 ,,
,google,cpc,$0 ,$0 ,,
2024-03-09 15:15:21+00:00,bing,cpc,$0 ,$0 ,2024.0,3.0
2024-03-08 18:57:54+00:00,google,cpc,$0 ,$0 ,2024.0,3.0
2024-03-07 21:35:47+00:00,google,cpc,$0 ,$0 ,2024.0,3.0
2024-03-07 16:43:22+00:00,google,cpc,$0 ,$0 ,2024.0,3.0
2024-03-06 20:27:48+00:00,google,organic,$0 ,$0 ,2024.0,3.0
2024-03-06 17:56:49+00:00,google,cpc,$0 ,$0 ,2024.0,3.0
2024-03-06 15:04:10+00:00,google,cpc,$0 ,$0 ,2024.0,3.0
2024-03-06 14:25:20+00:00,google,cpc,$0 ,$0 ,2024.0,3.0
2024-03-05 22:23:53+00:00,google,organic,$0 ,$0 ,2024.0,3.0
2024-03-05 20:59:39+00:00,google,organic,$0 ,$0 ,2024.0,3.0
2024-03-04 22:30:55+00:00,google,cpc,$0 ,$0 ,2024.0,3.0
2024-03-04 21:49:03+00:00,google,organic,$0 ,$0 ,2024.0,3.0
2024-03-04 20:02:11+00:00,google,cpc,$0 ,$0 ,2024.0,3.0
2024-03-04 17:37:03+00:00,google,organic,$0 ,$0 ,2024.0,3.0
2024-03-04 17:34:07+00:00,google,cpc,$0 ,$0 ,2024.0,3.0
2024-03-04 15:43:12+00:00,google,cpc,$0 ,$0 ,2024.0,3.0
2024-03-03 20:38:57+00:00,google,cpc,$0 ,$0 ,2024.0,3.0
2024-03-03 16:59:44+00:00,google,cpc,$0 ,$0 ,2024.0,3.0
2024-03-01 18:34:58+00:00,google,cpc,$0 ,$0 ,2024.0,3.0
2024-02-29 18:52:12+00:00,google,organic,$0 ,$0 ,2024.0,2.0
2024-02-29 17:31:34+00:00,google,cpc,$0 ,$0 ,2024.0,2.0
2024-02-27 20:20:56+00:00,google,cpc,$0 ,$0 ,2024.0,2.0
2024-02-27 17:45:47+00:00,google,organic,$0 ,$0 ,2024.0,2.0
2024-02-26 21:08:40+00:00,google,organic,$0 ,$0 ,2024.0,2.0
2024-02-26 19:58:13+00:00,google,organic,$0 ,$0 ,2024.0,2.0
2024-02-26 17:25:19+00:00,google,cpc,$0 ,$0 ,2024.0,2.0
2024-02-26 17:07:55+00:00,google,organic,$0 ,$0 ,2024.0,2.0
2024-02-26 16:35:57+00:00,google,organic,$0 ,$0 ,2024.0,2.0
2024-02-25 23:14:22+00:00,google,cpc,$0 ,$0 ,2024.0,2.0
2024-02-25 16:57:18+00:00,google,organic,$0 ,$0 ,2024.0,2.0
2024-02-25 13:30:12+00:00,google,cpc,$0 ,$0 ,2024.0,2.0
2024-02-25 13:04:05+00:00,google,organic,$0 ,$0 ,2024.0,2.0
2024-02-25 12:30:19+00:00,google,organic,$0 ,$0 ,2024.0,2.0
2024-02-24 21:23:38+00:00,google,organic,$0 ,$0 ,2024.0,2.0
2024-02-23 19:05:22+00:00,google,cpc,$0 ,$0 ,2024.0,2.0
2024-02-23 17:34:09+00:00,google,cpc,$0 ,$0 ,2024.0,2.0
2024-02-22 21:18:43+00:00,google,cpc,$0 ,$0 ,2024.0,2.0
2024-02-22 16:26:17+00:00,google,cpc,$0 ,$0 ,2024.0,2.0
2024-02-21 22:27:01+00:00,google,cpc,$0 ,$0 ,2024.0,2.0
2024-02-21 20:01:00+00:00,google,organic,$0 ,$0 ,2024.0,2.0
2024-02-21 19:54:47+00:00,bing,cpc,$0 ,$0 ,2024.0,2.0
2024-02-21 19:54:41+00:00,google,cpc,$0 ,$0 ,2024.0,2.0
2024-02-21 19:54:26+00:00,google,cpc,$0 ,$0 ,2024.0,2.0
2024-02-21 15:21:05+00:00,google,organic,$0 ,$0 ,2024.0,2.0
2024-02-20 23:04:02+00:00,google,cpc,$0 ,$0 ,2024.0,2.0
2024-02-20 22:58:17+00:00,google,cpc,$0 ,$0 ,2024.0,2.0
2024-02-20 19:17:10+00:00,google,cpc,$0 ,$0 ,2024.0,2.0
2024-02-20 15:46:38+00:00,google,cpc,$0 ,$0 ,2024.0,2.0
2024-02-19 22:34:38+00:00,google,cpc,$0 ,$0 ,2024.0,2.0
2024-02-19 17:37:47+00:00,google,organic,$0 ,$0 ,2024.0,2.0
2024-02-19 16:31:00+00:00,google,cpc,$0 ,$0 ,2024.0,2.0
2024-02-19 15:26:08+00:00,google,cpc,$0 ,$0 ,2024.0,2.0
2024-02-19 15:23:07+00:00,google,cpc,$0 ,$0 ,2024.0,2.0
2024-02-19 14:24:14+00:00,google,organic,$0 ,$0 ,2024.0,2.0
2024-02-18 16:45:00+00:00,google,cpc,$0 ,$0 ,2024.0,2.0
2024-02-17 13:46:54+00:00,google,cpc,$0 ,$0 ,2024.0,2.0
2024-02-16 22:26:12+00:00,google,cpc,$0 ,$0 ,2024.0,2.0
2024-02-16 20:47:27+00:00,google,organic,$0 ,$0 ,2024.0,2.0
2024-02-16 20:27:04+00:00,google,cpc,$0 ,$0 ,2024.0,2.0
2024-02-16 18:42:39+00:00,google,cpc,$0 ,$0 ,2024.0,2.0
2024-02-15 17:17:49+00:00,google,cpc,$0 ,$0 ,2024.0,2.0
2024-02-15 16:46:53+00:00,google,organic,$0 ,$0 ,2024.0,2.0
2024-02-15 15:30:25+00:00,google,cpc,$0 ,$0 ,2024.0,2.0
2024-02-15 15:18:57+00:00,google,cpc,$0 ,$0 ,2024.0,2.0
2024-02-14 19:54:31+00:00,google,organic,$0 ,$0 ,2024.0,2.0
2024-02-14 16:56:49+00:00,google,cpc,$0 ,$0 ,2024.0,2.0
2024-02-14 16:56:45+00:00,google,cpc,$0 ,$0 ,2024.0,2.0
2024-02-14 16:01:41+00:00,google,cpc,$0 ,$0 ,2024.0,2.0
2024-02-13 18:54:23+00:00,google,organic,$0 ,$0 ,2024.0,2.0
2024-02-13 18:30:25+00:00,google,cpc,$0 ,$0 ,2024.0,2.0
2024-02-13 18:14:27+00:00,google,organic,$0 ,$0 ,2024.0,2.0
2024-02-13 18:09:27+00:00,google,cpc,$0 ,$0 ,2024.0,2.0
2024-02-13 17:17:12+00:00,google,organic,$0 ,$0 ,2024.0,2.0
2024-02-12 22:36:16+00:00,bing,organic,$0 ,$0 ,2024.0,2.0
2024-02-12 20:32:17+00:00,google,cpc,$0 ,$0 ,2024.0,2.0
2024-02-12 17:46:23+00:00,google,organic,$0 ,$0 ,2024.0,2.0
2024-02-10 21:29:47+00:00,google,cpc,$0 ,$0 ,2024.0,2.0
2024-02-09 19:49:31+00:00,google,cpc,$0 ,$0 ,2024.0,2.0
2024-02-09 17:15:48+00:00,google,cpc,$0 ,$0 ,2024.0,2.0
2024-02-09 15:05:29+00:00,google,cpc,$0 ,$0 ,2024.0,2.0
2024-02-07 17:22:56+00:00,google,cpc,$0 ,$0 ,2024.0,2.0
2024-02-07 16:46:37+00:00,google,organic,$0 ,$0 ,2024.0,2.0
2024-02-07 15:38:51+00:00,google,organic,$0 ,$0 ,2024.0,2.0
2024-02-06 16:07:28+00:00,google,cpc,$0 ,$0 ,2024.0,2.0
2024-02-06 14:50:57+00:00,google,cpc,$0 ,$0 ,2024.0,2.0
2024-02-06 02:40:05+00:00,google,organic,$0 ,$0 ,2024.0,2.0
2024-02-05 22:24:58+00:00,google,cpc,$0 ,$0 ,2024.0,2.0
2024-02-05 21:39:31+00:00,bing,cpc,$0 ,$0 ,2024.0,2.0
2024-02-05 18:39:43+00:00,google,organic,$0 ,$0 ,2024.0,2.0
2024-02-05 16:59:28+00:00,google,cpc,$0 ,$0 ,2024.0,2.0
2024-02-05 16:30:23+00:00,google,organic,$0 ,$0 ,2024.0,2.0
2024-02-04 04:05:45+00:00,google,cpc,$0 ,$0 ,2024.0,2.0
2024-02-03 19:30:48+00:00,google,cpc,$0 ,$0 ,2024.0,2.0
2024-02-03 16:55:18+00:00,google,cpc,$0 ,$0 ,2024.0,2.0
2024-02-03 16:49:43+00:00,google,cpc,$0 ,$0 ,2024.0,2.0
2024-02-03 01:47:26+00:00,google,cpc,$0 ,$0 ,2024.0,2.0
2024-02-02 22:52:23+00:00,google,organic,$0 ,$0 ,2024.0,2.0
2024-02-02 21:42:00+00:00,google,cpc,$0 ,$0 ,2024.0,2.0
2024-02-02 14:31:29+00:00,google,organic,$0 ,$0 ,2024.0,2.0
2024-02-01 21:28:05+00:00,google,cpc,$0 ,$0 ,2024.0,2.0
2024-02-01 17:16:31+00:00,google,organic,$0 ,$0 ,2024.0,2.0
2024-01-31 23:10:18+00:00,google,organic,$0 ,$0 ,2024.0,1.0
2024-01-31 22:12:35+00:00,google,cpc,$0 ,$0 ,2024.0,1.0
2024-01-31 22:03:39+00:00,google,organic,$0 ,$0 ,2024.0,1.0
2024-01-31 20:17:26+00:00,google,cpc,$0 ,$0 ,2024.0,1.0
2024-01-31 20:04:24+00:00,google,cpc,$0 ,$0 ,2024.0,1.0
2024-01-31 19:25:55+00:00,google,cpc,$0 ,$0 ,2024.0,1.0
2024-01-31 19:12:31+00:00,google,cpc,$0 ,$0 ,2024.0,1.0
2024-01-31 18:07:40+00:00,google,cpc,$0 ,$0 ,2024.0,1.0
2024-01-31 15:22:19+00:00,google,organic,$0 ,$0 ,2024.0,1.0
2024-01-31 02:59:08+00:00,google,cpc,$0 ,$0 ,2024.0,1.0
2024-01-30 19:24:25+00:00,google,organic,$0 ,$0 ,2024.0,1.0
2024-01-30 17:38:20+00:00,google,cpc,$0 ,$0 ,2024.0,1.0
2024-01-30 16:05:43+00:00,google,organic,$0 ,$0 ,2024.0,1.0
2024-01-29 20:52:01+00:00,google,organic,$0 ,$0 ,2024.0,1.0
2024-01-29 20:08:03+00:00,google,cpc,$0 ,$0 ,2024.0,1.0
2024-01-29 19:42:06+00:00,google,cpc,$0 ,$0 ,2024.0,1.0
2024-01-29 19:02:04+00:00,bing,cpc,$0 ,$0 ,2024.0,1.0
2024-01-29 17:09:44+00:00,google,cpc,$0 ,$0 ,2024.0,1.0
2024-01-29 15:39:18+00:00,google,organic,$0 ,$0 ,2024.0,1.0
2024-01-29 15:35:05+00:00,google,organic,$0 ,$0 ,2024.0,1.0
2024-01-29 15:25:17+00:00,google,cpc,$0 ,$0 ,2024.0,1.0
2024-01-28 16:49:48+00:00,google,cpc,$0 ,$0 ,2024.0,1.0
2024-01-28 01:20:50+00:00,google,organic,$0 ,$0 ,2024.0,1.0
2024-01-26 20:16:51+00:00,google,cpc,$0 ,$0 ,2024.0,1.0
2024-01-26 17:42:09+00:00,google,cpc,$0 ,$0 ,2024.0,1.0
2024-01-26 17:30:18+00:00,google,cpc,$0 ,$0 ,2024.0,1.0
2024-01-26 17:09:08+00:00,google,cpc,$0 ,$0 ,2024.0,1.0
2024-01-26 17:01:09+00:00,google,cpc,$0 ,$0 ,2024.0,1.0
2024-01-26 16:23:16+00:00,google,cpc,$0 ,$0 ,2024.0,1.0
2024-01-26 00:03:10+00:00,google,organic,$0 ,$0 ,2024.0,1.0
2024-01-25 22:24:52+00:00,google,organic,$0 ,$0 ,2024.0,1.0
2024-01-25 21:38:51+00:00,google,cpc,$0 ,$0 ,2024.0,1.0
2024-01-25 18:27:42+00:00,google,organic,$0 ,$0 ,2024.0,1.0
2024-01-25 16:40:11+00:00,google,cpc,$0 ,$0 ,2024.0,1.0
2024-01-24 22:29:40+00:00,google,cpc,$0 ,$0 ,2024.0,1.0
2024-01-24 18:27:05+00:00,bing,cpc,$0 ,$0 ,2024.0,1.0
2024-01-23 17:03:35+00:00,google,organic,$0 ,$0 ,2024.0,1.0
2024-01-23 16:47:40+00:00,google,organic,$0 ,$0 ,2024.0,1.0
2024-01-23 15:52:40+00:00,google,organic,$0 ,$0 ,2024.0,1.0
2024-01-23 15:12:01+00:00,google,cpc,$0 ,$0 ,2024.0,1.0
2024-01-22 21:23:44+00:00,google,cpc,$0 ,$0 ,2024.0,1.0
2024-01-22 15:24:57+00:00,google,cpc,$0 ,$0 ,2024.0,1.0
2024-01-22 15:13:18+00:00,bing,cpc,$0 ,$0 ,2024.0,1.0
2024-01-21 22:24:36+00:00,google,cpc,$0 ,$0 ,2024.0,1.0
2024-01-21 19:56:35+00:00,google,cpc,$0 ,$0 ,2024.0,1.0
2024-01-21 16:43:11+00:00,bing,cpc,$0 ,$0 ,2024.0,1.0
2024-01-21 15:19:52+00:00,bing,cpc,$0 ,$0 ,2024.0,1.0
2024-01-21 13:09:08+00:00,google,cpc,$0 ,$0 ,2024.0,1.0
2024-01-20 23:20:01+00:00,google,cpc,$0 ,$0 ,2024.0,1.0
2024-01-20 19:33:14+00:00,google,organic,$0 ,$0 ,2024.0,1.0
2024-01-20 18:56:57+00:00,google,cpc,$0 ,$0 ,2024.0,1.0
2024-01-19 20:11:23+00:00,google,cpc,$0 ,$0 ,2024.0,1.0
2024-01-19 18:26:39+00:00,google,cpc,$0 ,$0 ,2024.0,1.0
2024-01-19 14:22:03+00:00,google,cpc,$0 ,$0 ,2024.0,1.0
2024-01-18 17:08:18+00:00,google,cpc,$0 ,$0 ,2024.0,1.0
2024-01-17 20:24:37+00:00,google,cpc,$0 ,$0 ,2024.0,1.0
2024-01-17 18:32:30+00:00,google,cpc,$0 ,$0 ,2024.0,1.0
2024-01-17 17:39:40+00:00,google,cpc,$0 ,$0 ,2024.0,1.0
2024-01-17 16:53:11+00:00,google,cpc,$0 ,$0 ,2024.0,1.0
2024-01-16 21:16:05+00:00,google,cpc,$0 ,$0 ,2024.0,1.0
2024-01-16 00:26:01+00:00,google,organic,$0 ,$0 ,2024.0,1.0
2024-01-15 22:13:37+00:00,google,organic,$0 ,$0 ,2024.0,1.0
2024-01-15 19:31:30+00:00,google,cpc,$0 ,$0 ,2024.0,1.0
2024-01-15 18:07:11+00:00,google,cpc,$0 ,$0 ,2024.0,1.0
2024-01-15 14:47:08+00:00,google,organic,$0 ,$0 ,2024.0,1.0
2024-01-15 13:56:19+00:00,google,organic,$0 ,$0 ,2024.0,1.0
2024-01-14 13:08:51+00:00,google,organic,$0 ,$0 ,2024.0,1.0
2024-01-14 04:46:24+00:00,google,cpc,$0 ,$0 ,2024.0,1.0
2024-01-12 23:05:59+00:00,google,organic,$0 ,$0 ,2024.0,1.0
2024-01-12 18:54:37+00:00,google,organic,$0 ,$0 ,2024.0,1.0
2024-01-12 15:52:25+00:00,google,cpc,$0 ,$0 ,2024.0,1.0
2024-01-11 20:52:04+00:00,google,cpc,$0 ,$0 ,2024.0,1.0
2024-01-11 19:05:39+00:00,google,cpc,$0 ,$0 ,2024.0,1.0
2024-01-11 18:58:32+00:00,google,organic,$0 ,$0 ,2024.0,1.0
2024-01-11 17:22:55+00:00,google,organic,$0 ,$0 ,2024.0,1.0
2024-01-11 00:04:55+00:00,google,cpc,$0 ,$0 ,2024.0,1.0
2024-01-10 22:50:12+00:00,google,organic,$0 ,$0 ,2024.0,1.0
2024-01-10 20:53:43+00:00,google,cpc,$0 ,$0 ,2024.0,1.0
2024-01-10 20:30:34+00:00,google,organic,$0 ,$0 ,2024.0,1.0
2024-01-10 17:17:45+00:00,google,cpc,$0 ,$0 ,2024.0,1.0
2024-01-10 16:56:03+00:00,google,cpc,$0 ,$0 ,2024.0,1.0
2024-01-10 16:28:58+00:00,google,cpc,$0 ,$0 ,2024.0,1.0
2024-01-10 15:27:47+00:00,google,organic,$0 ,$0 ,2024.0,1.0
2024-01-10 15:02:47+00:00,google,cpc,$0 ,$0 ,2024.0,1.0
2024-01-10 08:23:36+00:00,google,cpc,$0 ,$0 ,2024.0,1.0
2024-01-09 19:29:27+00:00,google,cpc,$0 ,$0 ,2024.0,1.0
2024-01-09 18:33:27+00:00,google,cpc,$0 ,$0 ,2024.0,1.0
2024-01-09 18:14:46+00:00,google,organic,$0 ,$0 ,2024.0,1.0
2024-01-09 17:51:19+00:00,google,organic,$0 ,$0 ,2024.0,1.0
2024-01-09 16:17:29+00:00,google,cpc,$0 ,$0 ,2024.0,1.0
2024-01-09 15:53:54+00:00,google,cpc,$0 ,$0 ,2024.0,1.0
2024-01-09 15:16:17+00:00,google,cpc,$0 ,$0 ,2024.0,1.0
2024-01-09 14:41:23+00:00,google,cpc,$0 ,$0 ,2024.0,1.0
2024-01-09 00:41:42+00:00,google,cpc,$0 ,$0 ,2024.0,1.0
2024-01-08 20:52:29+00:00,google,organic,$0 ,$0 ,2024.0,1.0
2024-01-08 20:47:58+00:00,google,organic,$0 ,$0 ,2024.0,1.0
2024-01-08 19:49:34+00:00,google,cpc,$0 ,$0 ,2024.0,1.0
2024-01-08 19:36:31+00:00,google,organic,$0 ,$0 ,2024.0,1.0
2024-01-08 18:13:54+00:00,google,organic,$0 ,$0 ,2024.0,1.0
2024-01-08 17:59:03+00:00,google,organic,$0 ,$0 ,2024.0,1.0
2024-01-08 14:56:51+00:00,google,cpc,$0 ,$0 ,2024.0,1.0
2024-01-07 21:36:51+00:00,google,organic,$0 ,$0 ,2024.0,1.0
2024-01-07 18:06:27+00:00,google,cpc,$0 ,$0 ,2024.0,1.0
2024-01-06 21:26:44+00:00,google,cpc,$0 ,$0 ,2024.0,1.0
2024-01-06 17:26:50+00:00,google,organic,$0 ,$0 ,2024.0,1.0
2024-01-05 19:13:09+00:00,google,cpc,$0 ,$0 ,2024.0,1.0
2024-01-05 18:54:46+00:00,google,organic,$0 ,$0 ,2024.0,1.0
2024-01-05 16:52:50+00:00,google,cpc,$0 ,$0 ,2024.0,1.0
2024-01-05 14:33:19+00:00,google,cpc,$0 ,$0 ,2024.0,1.0
2024-01-04 23:17:53+00:00,google,cpc,$0 ,$0 ,2024.0,1.0
2024-01-04 22:53:24+00:00,google,cpc,$0 ,$0 ,2024.0,1.0
2024-01-04 21:53:21+00:00,google,cpc,$0 ,$0 ,2024.0,1.0
2024-01-04 21:13:46+00:00,google,organic,$0 ,$0 ,2024.0,1.0
2024-01-04 20:56:34+00:00,google,organic,$0 ,$0 ,2024.0,1.0
2024-01-04 18:01:40+00:00,google,organic,$0 ,$0 ,2024.0,1.0
2024-01-04 15:13:48+00:00,google,cpc,$0 ,$0 ,2024.0,1.0
2024-01-03 18:53:17+00:00,google,organic,$0 ,$0 ,2024.0,1.0
2024-01-03 18:22:01+00:00,google,cpc,$0 ,$0 ,2024.0,1.0
2024-01-03 18:09:20+00:00,google,cpc,$0 ,$0 ,2024.0,1.0
2024-01-03 17:46:40+00:00,google,organic,$0 ,$0 ,2024.0,1.0
2024-01-03 02:23:05+00:00,google,organic,$0 ,$0 ,2024.0,1.0
2024-01-02 21:35:45+00:00,google,cpc,$0 ,$0 ,2024.0,1.0
2024-01-02 21:05:06+00:00,google,cpc,$0 ,$0 ,2024.0,1.0
2024-01-02 19:23:47+00:00,bing,organic,$0 ,$0 ,2024.0,1.0
2024-01-02 18:53:50+00:00,google,cpc,$0 ,$0 ,2024.0,1.0
2024-01-02 18:31:31+00:00,google,cpc,$0 ,$0 ,2024.0,1.0
2024-01-02 16:17:34+00:00,google,cpc,$0 ,$0 ,2024.0,1.0
2024-01-02 14:25:43+00:00,google,cpc,$0 ,$0 ,2024.0,1.0
2024-01-02 03:07:27+00:00,google,organic,$0 ,$0 ,2024.0,1.0
2024-01-01 14:37:46+00:00,google,cpc,$0 ,$0 ,2024.0,1.0
