Lead ID,Lead Type,Status,Date,Source,Medium
120168877,Web Form,Unique,2023-12-30T08:05:35-05:00,google,cpc
120126267,Phone Call,Unique,2023-12-29T14:50:55-05:00,google,cpc
120064627,Web Form,Unique,2023-12-28T20:35:32-05:00,bing,cpc
120008515,Phone Call,Unique,2023-12-28T11:59:19-05:00,google,cpc
120006423,Phone Call,Unique,2023-12-28T11:46:27-05:00,google,cpc
119975175,Web Form,Unique,2023-12-28T06:37:53-05:00,google,cpc
119947771,Phone Call,Unique,2023-12-27T16:40:26-05:00,google,cpc
119936818,Phone Call,Unique,2023-12-27T15:15:25-05:00,google,cpc
119932569,Phone Call,Unique,2023-12-27T14:52:43-05:00,google,cpc
119910787,Phone Call,Unique,2023-12-27T12:44:19-05:00,google,cpc
119888784,Phone Call,Unique,2023-12-27T10:18:28-05:00,google,cpc
119825305,Phone Call,Unique,2023-12-26T14:29:04-05:00,google,cpc
119703080,Web Form,Unique,2023-12-23T20:21:59-05:00,google,cpc
119617052,Phone Call,Unique,2023-12-22T13:30:29-05:00,google,cpc
119588376,Phone Call,Unique,2023-12-22T10:02:36-05:00,google,cpc
119540649,Phone Call,Unique,2023-12-21T16:33:21-05:00,google,cpc
119425726,Phone Call,Unique,2023-12-20T13:55:52-05:00,google,cpc
119425008,Web Form,Unique,2023-12-20T13:50:19-05:00,google,cpc
119411072,Phone Call,Unique,2023-12-20T12:18:28-05:00,google,cpc
119391803,Phone Call,Unique,2023-12-20T10:30:01-05:00,google,cpc
119283815,Phone Call,Unique,2023-12-19T09:45:47-05:00,bing,cpc
119225563,Phone Call,Unique,2023-12-18T17:33:12-05:00,bing,cpc
119222139,Phone Call,Unique,2023-12-18T17:01:10-05:00,bing,cpc
119200232,Phone Call,Unique,2023-12-18T14:37:54-05:00,google,cpc
119176929,Phone Call,Unique,2023-12-18T12:54:49-05:00,google,cpc
119160714,Phone Call,Unique,2023-12-18T11:22:54-05:00,google,cpc
119159255,Phone Call,Unique,2023-12-18T11:14:37-05:00,bing,cpc
119145740,Phone Call,Unique,2023-12-18T09:59:14-05:00,google,cpc
119144879,Web Form,Unique,2023-12-18T09:54:00-05:00,bing,cpc
118967169,Phone Call,Unique,2023-12-15T12:34:09-05:00,bing,cpc
118942088,Web Form,Unique,2023-12-15T10:28:49-05:00,bing,cpc
118878738,Web Form,Unique,2023-12-14T14:56:30-05:00,google,cpc
118873032,Web Form,Unique,2023-12-14T14:13:03-05:00,google,cpc
118773126,Web Form,Unique,2023-12-13T15:01:52-05:00,google,cpc
118739447,Phone Call,Unique,2023-12-13T11:22:34-05:00,google,cpc
118721607,Phone Call,Unique,2023-12-13T09:06:04-05:00,bing,cpc
118695163,Web Form,Unique,2023-12-12T18:42:45-05:00,google,cpc
118668781,Phone Call,Unique,2023-12-12T15:02:14-05:00,bing,cpc
118659049,Phone Call,Unique,2023-12-12T13:59:09-05:00,google,cpc
118647761,Phone Call,Unique,2023-12-12T12:43:50-05:00,google,cpc
118591864,Web Form,Unique,2023-12-11T20:25:30-05:00,google,cpc
118589271,Web Form,Unique,2023-12-11T19:27:48-05:00,bing,cpc
118579797,Web Form,Unique,2023-12-11T17:18:18-05:00,google,cpc
118529878,Phone Call,Unique,2023-12-11T12:27:55-05:00,google,cpc
118525990,Phone Call,Unique,2023-12-11T12:04:55-05:00,google,cpc
118442638,Web Form,Unique,2023-12-10T08:57:07-05:00,google,cpc
118422688,Web Form,Unique,2023-12-09T17:51:16-05:00,bing,cpc
118367615,Phone Call,Unique,2023-12-08T17:58:51-05:00,google,cpc
118366890,Phone Call,Unique,2023-12-08T17:48:13-05:00,bing,cpc
118365268,Phone Call,Unique,2023-12-08T17:24:42-05:00,bing,cpc
118360147,Phone Call,Unique,2023-12-08T16:30:34-05:00,google,cpc
118350252,Web Form,Unique,2023-12-08T15:04:34-05:00,bing,cpc
118329517,Web Form,Unique,2023-12-08T12:23:55-05:00,google,cpc
118305865,Phone Call,Unique,2023-12-08T09:24:37-05:00,google,cpc
118265243,Phone Call,Unique,2023-12-07T16:49:23-05:00,google,cpc
118225098,Phone Call,Unique,2023-12-07T11:54:55-05:00,google,cpc
118214176,Phone Call,Unique,2023-12-07T10:41:06-05:00,google,cpc
118172322,Web Form,Unique,2023-12-06T18:20:38-05:00,google,cpc
118143266,Phone Call,Unique,2023-12-06T14:12:28-05:00,google,cpc
118119527,Phone Call,Unique,2023-12-06T11:27:34-05:00,google,cpc
118108151,Phone Call,Unique,2023-12-06T10:09:10-05:00,google,cpc
118044689,Phone Call,Unique,2023-12-05T14:57:13-05:00,google,cpc
118017509,Web Form,Unique,2023-12-05T12:00:40-05:00,google,cpc
117959580,Phone Call,Unique,2023-12-04T17:32:41-05:00,google,cpc
117952964,Phone Call,Unique,2023-12-04T16:35:35-05:00,google,cpc
117925752,Web Form,Unique,2023-12-04T13:42:26-05:00,bing,cpc
117913989,Phone Call,Unique,2023-12-04T12:32:45-05:00,google,cpc
117804737,Phone Call,Unique,2023-12-02T16:22:25-05:00,google,cpc
117801682,Web Form,Unique,2023-12-02T15:29:33-05:00,google,cpc
117786083,Web Form,Unique,2023-12-02T11:51:08-05:00,bing,cpc
117712449,Phone Call,Unique,2023-12-01T13:02:27-05:00,google,cpc
117641584,Phone Call,Unique,2023-11-30T16:54:41-05:00,google,cpc
117631115,Phone Call,Unique,2023-11-30T15:31:23-05:00,google,cpc
117587585,Phone Call,Unique,2023-11-30T10:45:22-05:00,google,cpc
117490290,Phone Call,Unique,2023-11-29T12:46:49-05:00,google,cpc
117463389,Phone Call,Unique,2023-11-29T09:52:09-05:00,google,cpc
117453484,Web Form,Unique,2023-11-29T08:19:57-05:00,google,cpc
117407018,Phone Call,Unique,2023-11-28T15:52:00-05:00,google,cpc
117382927,Phone Call,Unique,2023-11-28T13:22:24-05:00,bing,cpc
117382682,Phone Call,Unique,2023-11-28T13:20:55-05:00,google,cpc
117359907,Phone Call,Unique,2023-11-28T11:07:09-05:00,google,cpc
117356155,Phone Call,Unique,2023-11-28T10:44:38-05:00,bing,cpc
117343325,Phone Call,Unique,2023-11-28T09:18:33-05:00,google,cpc
117313482,Web Form,Unique,2023-11-27T19:19:05-05:00,google,cpc
117310135,Web Form,Unique,2023-11-27T18:28:50-05:00,google,cpc
117303824,Phone Call,Unique,2023-11-27T17:20:05-05:00,google,cpc
117283881,Phone Call,Unique,2023-11-27T15:09:19-05:00,google,cpc
117273222,Phone Call,Unique,2023-11-27T14:09:13-05:00,bing,cpc
117178887,Phone Call,Unique,2023-11-26T15:55:35-05:00,google,cpc
117016972,Web Form,Unique,2023-11-23T12:11:51-05:00,google,cpc
117014353,Web Form,Unique,2023-11-23T11:15:06-05:00,google,cpc
116881310,Web Form,Unique,2023-11-21T15:50:13-05:00,bing,cpc
116872007,Phone Call,Unique,2023-11-21T14:42:21-05:00,google,cpc
116832829,Phone Call,Unique,2023-11-21T10:13:30-05:00,google,cpc
116831095,Phone Call,Unique,2023-11-21T10:01:17-05:00,google,cpc
116789206,Web Form,Unique,2023-11-20T17:29:39-05:00,google,cpc
116773380,Phone Call,Unique,2023-11-20T15:28:35-05:00,google,cpc
116742949,Phone Call,Unique,2023-11-20T12:24:29-05:00,google,cpc
116720227,Phone Call,Unique,2023-11-20T10:17:04-05:00,google,cpc
116683902,Web Form,Unique,2023-11-19T19:36:16-05:00,bing,cpc
116628740,Web Form,Unique,2023-11-18T13:36:00-05:00,google,cpc
116579541,Phone Call,Unique,2023-11-17T15:57:03-05:00,google,cpc
116568554,Phone Call,Unique,2023-11-17T14:27:18-05:00,google,cpc
116530219,Phone Call,Unique,2023-11-17T09:45:31-05:00,bing,cpc
116523863,Phone Call,Unique,2023-11-17T08:44:24-05:00,google,cpc
116474512,Phone Call,Unique,2023-11-16T14:35:46-05:00,google,cpc
116466113,Phone Call,Unique,2023-11-16T13:36:44-05:00,google,cpc
116448633,Web Form,Unique,2023-11-16T11:36:39-05:00,bing,cpc
116371175,Phone Call,Unique,2023-11-15T14:18:30-05:00,google,cpc
116365270,Phone Call,Unique,2023-11-15T13:37:29-05:00,google,cpc
116337606,Phone Call,Unique,2023-11-15T10:39:12-05:00,google,cpc
116265409,Web Form,Unique,2023-11-14T14:16:36-05:00,google,cpc
116265152,Phone Call,Unique,2023-11-14T14:14:50-05:00,bing,cpc
116264485,Phone Call,Unique,2023-11-14T14:10:22-05:00,google,cpc
116253088,Phone Call,Unique,2023-11-14T12:54:27-05:00,google,cpc
116248514,Phone Call,Unique,2023-11-14T12:25:35-05:00,google,cpc
116235122,Phone Call,Unique,2023-11-14T11:04:51-05:00,google,cpc
116221391,Phone Call,Unique,2023-11-14T09:36:44-05:00,google,cpc
116174534,Phone Call,Unique,2023-11-13T16:25:19-05:00,bing,cpc
116149044,Web Form,Unique,2023-11-13T13:53:50-05:00,google,cpc
116121082,Phone Call,Unique,2023-11-13T11:21:14-05:00,google,cpc
116097303,Web Form,Unique,2023-11-13T09:06:31-05:00,google,cpc
116018482,Phone Call,Unique,2023-11-11T13:37:26-05:00,google,cpc
116012868,Web Form,Unique,2023-11-11T12:09:35-05:00,google,cpc
115929787,Phone Call,Unique,2023-11-10T11:02:45-05:00,google,cpc
115928155,Phone Call,Unique,2023-11-10T10:51:41-05:00,bing,cpc
115925551,Phone Call,Unique,2023-11-10T10:32:28-05:00,google,cpc
115827892,Phone Call,Unique,2023-11-09T10:44:28-05:00,google,cpc
115821121,Phone Call,Unique,2023-11-09T09:58:20-05:00,google,cpc
115762468,Phone Call,Unique,2023-11-08T14:58:53-05:00,google,cpc
115730405,Phone Call,Unique,2023-11-08T11:25:58-05:00,google,cpc
115711621,Phone Call,Unique,2023-11-08T09:18:23-05:00,google,cpc
115679449,Phone Call,Unique,2023-11-07T18:09:41-05:00,bing,cpc
115632349,Web Form,Unique,2023-11-07T12:21:11-05:00,google,cpc
115621699,Phone Call,Unique,2023-11-07T11:15:23-05:00,google,cpc
115609036,Phone Call,Unique,2023-11-07T09:56:10-05:00,google,cpc
115600318,Phone Call,Unique,2023-11-07T08:51:10-05:00,google,cpc
115572906,Phone Call,Unique,2023-11-06T18:30:27-05:00,google,cpc
115569109,Web Form,Unique,2023-11-06T17:43:16-05:00,google,cpc
115523006,Web Form,Unique,2023-11-06T12:45:32-05:00,google,cpc
115495237,Phone Call,Unique,2023-11-06T10:21:47-05:00,google,cpc
115491165,Phone Call,Unique,2023-11-06T10:01:00-05:00,google,cpc
115488148,Phone Call,Unique,2023-11-06T09:43:21-05:00,google,cpc
115478022,Web Form,Unique,2023-11-06T08:33:39-05:00,google,cpc
115435197,Web Form,Unique,2023-11-05T10:48:52-05:00,bing,cpc
115433238,Web Form,Unique,2023-11-05T10:05:07-05:00,google,cpc
115429482,Web Form,Unique,2023-11-05T08:34:09-05:00,google,cpc
115402490,Phone Call,Unique,2023-11-04T14:32:17-04:00,bing,cpc
115394715,Web Form,Unique,2023-11-04T12:29:39-04:00,google,cpc
115384595,Web Form,Unique,2023-11-04T09:54:46-04:00,bing,cpc
115335784,Phone Call,Unique,2023-11-03T14:10:04-04:00,google,cpc
115329392,Phone Call,Unique,2023-11-03T13:24:19-04:00,google,cpc
115297607,Web Form,Unique,2023-11-03T09:43:46-04:00,bing,cpc
115290807,Web Form,Unique,2023-11-03T08:32:43-04:00,bing,cpc
115224743,Phone Call,Unique,2023-11-02T13:06:10-04:00,google,cpc
115222942,Web Form,Unique,2023-11-02T12:54:35-04:00,google,cpc
115196122,Phone Call,Unique,2023-11-02T09:56:59-04:00,google,cpc
115189338,Phone Call,Unique,2023-11-02T09:00:03-04:00,google,cpc
115165594,Phone Call,Unique,2023-11-01T19:47:44-04:00,bing,cpc
115158416,Phone Call,Unique,2023-11-01T18:01:20-04:00,google,cpc
115138627,Phone Call,Unique,2023-11-01T15:26:18-04:00,google,cpc
115135219,Web Form,Unique,2023-11-01T15:03:25-04:00,google,cpc
115127662,Web Form,Unique,2023-11-01T14:11:50-04:00,google,cpc
115118663,Phone Call,Unique,2023-11-01T13:12:24-04:00,bing,cpc
115108937,Web Form,Unique,2023-11-01T12:07:14-04:00,bing,cpc
115054506,Web Form,Unique,2023-10-31T17:38:48-04:00,google,cpc
115029721,Web Form,Unique,2023-10-31T14:19:50-04:00,google,cpc
115003179,Phone Call,Unique,2023-10-31T11:24:29-04:00,google,cpc
114944027,Web Form,Unique,2023-10-30T16:55:43-04:00,google,cpc
114916771,Phone Call,Unique,2023-10-30T14:06:53-04:00,bing,cpc
114916339,Phone Call,Unique,2023-10-30T14:04:25-04:00,bing,cpc
114911018,Phone Call,Unique,2023-10-30T13:34:33-04:00,google,cpc
114874903,Phone Call,Unique,2023-10-30T10:17:36-04:00,bing,cpc
114779519,Web Form,Unique,2023-10-28T11:37:02-04:00,google,cpc
114775613,Web Form,Unique,2023-10-28T10:38:16-04:00,google,cpc
114745187,Web Form,Unique,2023-10-27T17:10:46-04:00,google,cpc
114715310,Phone Call,Unique,2023-10-27T13:08:56-04:00,google,cpc
114698538,Phone Call,Unique,2023-10-27T11:10:29-04:00,google,cpc
114667305,Web Form,Unique,2023-10-26T22:59:43-04:00,bing,cpc
114661572,Phone Call,Unique,2023-10-26T19:50:21-04:00,bing,cpc
114657634,Phone Call,Unique,2023-10-26T18:41:14-04:00,google,cpc
114640725,Phone Call,Unique,2023-10-26T15:49:43-04:00,bing,cpc
114638657,Phone Call,Unique,2023-10-26T15:34:46-04:00,google,cpc
114630557,Phone Call,Unique,2023-10-26T14:37:19-04:00,google,cpc
114609829,Phone Call,Unique,2023-10-26T12:09:29-04:00,google,cpc
114602709,Phone Call,Unique,2023-10-26T11:21:44-04:00,google,cpc
114596045,Phone Call,Unique,2023-10-26T10:34:49-04:00,google,cpc
114591683,Phone Call,Unique,2023-10-26T10:03:50-04:00,bing,cpc
114553832,Web Form,Unique,2023-10-25T17:40:42-04:00,google,cpc
114534616,Phone Call,Unique,2023-10-25T15:07:35-04:00,bing,cpc
114515105,Phone Call,Unique,2023-10-25T12:53:21-04:00,google,cpc
114501840,Phone Call,Unique,2023-10-25T11:25:38-04:00,google,cpc
114496993,Phone Call,Unique,2023-10-25T10:54:36-04:00,google,cpc
114495443,Phone Call,Unique,2023-10-25T10:44:01-04:00,google,cpc
114456607,Web Form,Unique,2023-10-24T18:51:37-04:00,google,cpc
114450883,Phone Call,Unique,2023-10-24T17:38:32-04:00,google,cpc
114437971,Phone Call,Unique,2023-10-24T15:53:33-04:00,google,cpc
114412183,Phone Call,Unique,2023-10-24T12:58:59-04:00,bing,cpc
114397530,Phone Call,Unique,2023-10-24T11:27:46-04:00,bing,cpc
114385366,Web Form,Unique,2023-10-24T10:08:48-04:00,google,cpc
114327938,Phone Call,Unique,2023-10-23T15:40:00-04:00,bing,cpc
114292370,Web Form,Unique,2023-10-23T12:12:19-04:00,google,cpc
114276830,Phone Call,Unique,2023-10-23T10:46:03-04:00,google,cpc
114210932,Web Form,Unique,2023-10-22T08:20:14-04:00,google,cpc
114166690,Phone Call,Unique,2023-10-21T08:42:49-04:00,google,cpc
114103258,Web Form,Unique,2023-10-20T11:56:08-04:00,google,cpc
114017149,Phone Call,Unique,2023-10-19T13:16:55-04:00,google,cpc
114001718,Phone Call,Unique,2023-10-19T11:32:34-04:00,bing,cpc
113938288,Phone Call,Unique,2023-10-18T16:03:54-04:00,google,cpc
113925753,Phone Call,Unique,2023-10-18T14:43:37-04:00,bing,cpc
113881167,Web Form,Unique,2023-10-18T09:43:54-04:00,google,cpc
113865747,Web Form,Unique,2023-10-18T04:47:56-04:00,bing,cpc
113847333,Web Form,Unique,2023-10-17T18:11:26-04:00,google,cpc
113847283,Phone Call,Unique,2023-10-17T18:10:54-04:00,google,cpc
113809364,Web Form,Unique,2023-10-17T13:24:33-04:00,google,cpc
113801988,Web Form,Unique,2023-10-17T12:36:10-04:00,google,cpc
113750867,Web Form,Unique,2023-10-16T22:20:31-04:00,bing,cpc
113745034,Phone Call,Unique,2023-10-16T19:43:06-04:00,google,cpc
113731447,Phone Call,Unique,2023-10-16T17:00:31-04:00,google,cpc
113696883,Phone Call,Unique,2023-10-16T13:25:18-04:00,google,cpc
113665719,Web Form,Unique,2023-10-16T10:29:27-04:00,google,cpc
113618811,Web Form,Unique,2023-10-15T14:58:02-04:00,google,cpc
113582601,Web Form,Unique,2023-10-14T15:37:54-04:00,google,cpc
113575625,Phone Call,Unique,2023-10-14T13:26:30-04:00,bing,cpc
113567847,Phone Call,Unique,2023-10-14T11:18:42-04:00,google,cpc
113559968,Phone Call,Unique,2023-10-14T08:55:09-04:00,google,cpc
113548885,Web Form,Unique,2023-10-13T22:23:57-04:00,google,cpc
113532322,Phone Call,Unique,2023-10-13T16:35:11-04:00,google,cpc
113522377,Phone Call,Unique,2023-10-13T15:10:47-04:00,google,cpc
113451338,Web Form,Unique,2023-10-12T18:53:07-04:00,google,cpc
113442591,Phone Call,Unique,2023-10-12T17:05:05-04:00,bing,cpc
113420010,Phone Call,Unique,2023-10-12T14:13:24-04:00,bing,cpc
113378216,Phone Call,Unique,2023-10-12T09:07:07-04:00,google,cpc
113342370,Phone Call,Unique,2023-10-11T16:52:41-04:00,google,cpc
113326233,Phone Call,Unique,2023-10-11T14:52:05-04:00,google,cpc
113269215,Web Form,Unique,2023-10-11T06:51:16-04:00,google,cpc
113268831,Web Form,Unique,2023-10-11T06:35:54-04:00,google,cpc
113209082,Web Form,Unique,2023-10-10T13:19:36-04:00,google,cpc
113207274,Web Form,Unique,2023-10-10T13:07:22-04:00,google,cpc
113194189,Web Form,Unique,2023-10-10T11:47:14-04:00,bing,cpc
113190443,Phone Call,Unique,2023-10-10T11:26:02-04:00,bing,cpc
113188983,Phone Call,Unique,2023-10-10T11:17:04-04:00,bing,cpc
113188505,Web Form,Unique,2023-10-10T11:14:17-04:00,google,cpc
113180929,Phone Call,Unique,2023-10-10T10:26:52-04:00,google,cpc
113178603,Web Form,Unique,2023-10-10T10:11:00-04:00,google,cpc
113127957,Phone Call,Unique,2023-10-09T16:55:07-04:00,bing,cpc
113104758,Web Form,Unique,2023-10-09T14:13:07-04:00,bing,cpc
113098678,Phone Call,Unique,2023-10-09T13:34:50-04:00,bing,cpc
113060786,Phone Call,Unique,2023-10-09T09:39:49-04:00,bing,cpc
113024330,Phone Call,Unique,2023-10-08T15:29:25-04:00,google,cpc
112934871,Web Form,Unique,2023-10-06T16:07:39-04:00,google,cpc
112925466,Web Form,Unique,2023-10-06T14:50:32-04:00,google,cpc
112906662,Phone Call,Unique,2023-10-06T12:28:35-04:00,google,cpc
112852151,Web Form,Unique,2023-10-05T18:05:48-04:00,google,cpc
112836157,Phone Call,Unique,2023-10-05T15:42:14-04:00,google,cpc
112722686,Phone Call,Unique,2023-10-04T14:04:59-04:00,google,cpc
112712766,Phone Call,Unique,2023-10-04T12:57:42-04:00,google,cpc
112639293,Phone Call,Unique,2023-10-03T16:38:02-04:00,google,cpc
112624237,Phone Call,Unique,2023-10-03T14:56:06-04:00,google,cpc
112551126,Web Form,Unique,2023-10-02T21:37:01-04:00,google,cpc
112537905,Web Form,Unique,2023-10-02T17:45:48-04:00,google,cpc
112532564,Phone Call,Unique,2023-10-02T16:58:10-04:00,google,cpc
112491961,Phone Call,Unique,2023-10-02T12:58:39-04:00,google,cpc
112467799,Web Form,Unique,2023-10-02T10:44:17-04:00,google,cpc
112451323,Phone Call,Unique,2023-10-02T09:03:28-04:00,google,cpc
112424211,Phone Call,Unique,2023-10-01T17:51:32-04:00,google,cpc
112424139,Phone Call,Unique,2023-10-01T17:49:45-04:00,google,cpc
112380242,Phone Call,Unique,2023-09-30T15:35:23-04:00,google,cpc
112332575,Phone Call,Unique,2023-09-29T17:21:55-04:00,bing,cpc
112318791,Phone Call,Unique,2023-09-29T15:16:19-04:00,google,cpc
112303667,Phone Call,Unique,2023-09-29T13:21:30-04:00,bing,cpc
112242076,Web Form,Unique,2023-09-28T18:17:15-04:00,bing,cpc
112236232,Phone Call,Unique,2023-09-28T17:10:52-04:00,google,cpc
112221106,Web Form,Unique,2023-09-28T15:08:34-04:00,google,cpc
112218384,Phone Call,Unique,2023-09-28T14:47:54-04:00,google,cpc
112182699,Web Form,Unique,2023-09-28T10:38:42-04:00,google,cpc
112139048,Phone Call,Unique,2023-09-27T17:37:21-04:00,google,cpc
112112086,Phone Call,Unique,2023-09-27T14:12:49-04:00,bing,cpc
112094101,Phone Call,Unique,2023-09-27T12:10:34-04:00,bing,cpc
111990896,Phone Call,Unique,2023-09-26T12:35:19-04:00,google,cpc
111920008,Phone Call,Unique,2023-09-25T16:50:49-04:00,google,cpc
111912149,Phone Call,Unique,2023-09-25T15:57:17-04:00,google,cpc
111900245,Web Form,Unique,2023-09-25T14:43:01-04:00,google,cpc
111899154,Phone Call,Unique,2023-09-25T14:36:04-04:00,google,cpc
111889815,Phone Call,Unique,2023-09-25T13:39:45-04:00,google,cpc
111885433,Web Form,Unique,2023-09-25T13:13:50-04:00,google,cpc
111860966,Phone Call,Unique,2023-09-25T10:57:23-04:00,bing,cpc
111816369,Web Form,Unique,2023-09-24T19:06:48-04:00,google,cpc
111768083,Phone Call,Unique,2023-09-23T15:15:48-04:00,google,cpc
111745812,Web Form,Unique,2023-09-23T08:52:31-04:00,google,cpc
111730072,Phone Call,Unique,2023-09-22T19:48:44-04:00,google,cpc
111671011,Web Form,Unique,2023-09-22T10:44:54-04:00,google,cpc
111663780,Phone Call,Unique,2023-09-22T09:48:25-04:00,google,cpc
111635475,Phone Call,Unique,2023-09-21T19:33:43-04:00,google,cpc
111622033,Phone Call,Unique,2023-09-21T16:45:44-04:00,bing,cpc
111606077,Web Form,Unique,2023-09-21T14:43:57-04:00,google,cpc
111596092,Phone Call,Unique,2023-09-21T13:32:19-04:00,bing,cpc
111591170,Phone Call,Unique,2023-09-21T12:57:16-04:00,google,cpc
111562743,Phone Call,Unique,2023-09-21T09:43:07-04:00,google,cpc
111534669,Web Form,Unique,2023-09-20T20:22:08-04:00,bing,cpc
111508674,Phone Call,Unique,2023-09-20T15:34:15-04:00,google,cpc
111486823,Phone Call,Unique,2023-09-20T13:02:51-04:00,google,cpc
111410365,Phone Call,Unique,2023-09-19T16:39:56-04:00,google,cpc
111404497,Phone Call,Unique,2023-09-19T15:56:44-04:00,google,cpc
111371617,Web Form,Unique,2023-09-19T12:21:07-04:00,google,cpc
111351081,Phone Call,Unique,2023-09-19T10:11:17-04:00,google,cpc
111316463,Web Form,Unique,2023-09-18T19:34:48-04:00,google,cpc
111283191,Web Form,Unique,2023-09-18T14:56:46-04:00,google,cpc
111278485,Phone Call,Unique,2023-09-18T14:28:24-04:00,google,cpc
111254550,Phone Call,Unique,2023-09-18T12:10:40-04:00,google,cpc
111251512,Phone Call,Unique,2023-09-18T11:54:06-04:00,bing,cpc
111242728,Phone Call,Unique,2023-09-18T11:07:14-04:00,bing,cpc
111208450,Web Form,Unique,2023-09-18T04:31:44-04:00,bing,cpc
111189834,Phone Call,Unique,2023-09-17T16:15:08-04:00,google,cpc
111189221,Web Form,Unique,2023-09-17T16:00:31-04:00,google,cpc
111166806,Web Form,Unique,2023-09-17T05:08:36-04:00,google,cpc
111163924,Web Form,Unique,2023-09-17T01:11:10-04:00,bing,cpc
111096525,Phone Call,Unique,2023-09-15T17:01:10-04:00,google,cpc
111078274,Phone Call,Unique,2023-09-15T14:29:15-04:00,google,cpc
111067344,Phone Call,Unique,2023-09-15T13:06:48-04:00,bing,cpc
111064337,Phone Call,Unique,2023-09-15T12:44:49-04:00,google,cpc
111004201,Phone Call,Unique,2023-09-14T17:45:32-04:00,google,cpc
110988950,Phone Call,Unique,2023-09-14T15:36:32-04:00,bing,cpc
110936435,Web Form,Unique,2023-09-14T09:40:37-04:00,google,cpc
110875583,Phone Call,Unique,2023-09-13T14:50:06-04:00,google,cpc
110868714,Phone Call,Unique,2023-09-13T14:05:12-04:00,google,cpc
110868200,Phone Call,Unique,2023-09-13T14:01:48-04:00,bing,cpc
110867370,Phone Call,Unique,2023-09-13T13:56:00-04:00,google,cpc
110863784,Phone Call,Unique,2023-09-13T13:30:53-04:00,google,cpc
110795266,Phone Call,Unique,2023-09-12T18:51:27-04:00,google,cpc
110791858,Web Form,Unique,2023-09-12T18:07:23-04:00,google,cpc
110786794,Phone Call,Unique,2023-09-12T17:15:23-04:00,bing,cpc
110766708,Phone Call,Unique,2023-09-12T14:51:28-04:00,google,cpc
110748882,Web Form,Unique,2023-09-12T12:57:57-04:00,google,cpc
110743353,Phone Call,Unique,2023-09-12T12:24:13-04:00,google,cpc
110690677,Web Form,Unique,2023-09-11T21:44:31-04:00,google,cpc
110632680,Phone Call,Unique,2023-09-11T13:03:15-04:00,google,cpc
110618172,Phone Call,Unique,2023-09-11T11:41:49-04:00,google,cpc
110612578,Phone Call,Unique,2023-09-11T11:12:21-04:00,google,cpc
110516100,Web Form,Unique,2023-09-09T16:44:57-04:00,google,cpc
110511519,Phone Call,Unique,2023-09-09T15:14:16-04:00,google,cpc
110506015,Web Form,Unique,2023-09-09T13:41:40-04:00,google,cpc
110486360,Web Form,Unique,2023-09-09T08:36:57-04:00,google,cpc
110430786,Phone Call,Unique,2023-09-08T13:35:18-04:00,google,cpc
110367667,Web Form,Unique,2023-09-07T19:21:31-04:00,google,cpc
110345854,Phone Call,Unique,2023-09-07T15:43:42-04:00,bing,cpc
110289482,Phone Call,Unique,2023-09-07T09:18:03-04:00,google,cpc
110231713,Phone Call,Unique,2023-09-06T15:09:41-04:00,google,cpc
110216141,Web Form,Unique,2023-09-06T13:29:04-04:00,google,cpc
110213222,Web Form,Unique,2023-09-06T13:10:47-04:00,bing,cpc
110112385,Phone Call,Unique,2023-09-05T14:42:37-04:00,google,cpc
110096500,Phone Call,Unique,2023-09-05T13:13:39-04:00,google,cpc
110093790,Phone Call,Unique,2023-09-05T12:59:18-04:00,google,cpc
110092935,Phone Call,Unique,2023-09-05T12:54:30-04:00,google,cpc
110091624,Phone Call,Unique,2023-09-05T12:47:25-04:00,google,cpc
110080333,Phone Call,Unique,2023-09-05T11:48:18-04:00,google,cpc
110051966,Phone Call,Unique,2023-09-05T09:13:17-04:00,google,cpc
109980629,Phone Call,Unique,2023-09-04T07:34:57-04:00,google,cpc
109918780,Web Form,Unique,2023-09-02T16:20:34-04:00,google,cpc
109917834,Phone Call,Unique,2023-09-02T16:01:54-04:00,google,cpc
109895080,Web Form,Unique,2023-09-02T09:24:08-04:00,google,cpc
109850533,Phone Call,Unique,2023-09-01T14:30:39-04:00,google,cpc
109757765,Phone Call,Unique,2023-08-31T15:03:58-04:00,google,cpc
109755206,Web Form,Unique,2023-08-31T14:45:36-04:00,google,cpc
109651357,Web Form,Unique,2023-08-30T14:28:37-04:00,bing,cpc
109633709,Phone Call,Unique,2023-08-30T12:22:39-04:00,google,cpc
109610817,Phone Call,Unique,2023-08-30T09:40:11-04:00,google,cpc
109562434,Phone Call,Unique,2023-08-29T16:05:14-04:00,google,cpc
109520928,Phone Call,Unique,2023-08-29T11:27:29-04:00,google,cpc
109518918,Phone Call,Unique,2023-08-29T11:15:04-04:00,google,cpc
109474113,Web Form,Unique,2023-08-28T19:15:53-04:00,google,cpc
109465552,Phone Call,Unique,2023-08-28T17:30:29-04:00,google,cpc
109450140,Phone Call,Unique,2023-08-28T15:35:12-04:00,bing,cpc
109432425,Web Form,Unique,2023-08-28T13:44:44-04:00,google,cpc
109430806,Phone Call,Unique,2023-08-28T13:34:11-04:00,google,cpc
109427378,Phone Call,Unique,2023-08-28T13:12:44-04:00,google,cpc
109362142,Web Form,Unique,2023-08-27T17:56:46-04:00,google,cpc
109355755,Web Form,Unique,2023-08-27T15:08:43-04:00,google,cpc
109317130,Web Form,Unique,2023-08-26T15:13:46-04:00,google,cpc
109311241,Web Form,Unique,2023-08-26T13:27:46-04:00,bing,cpc
109271878,Phone Call,Unique,2023-08-25T17:49:37-04:00,bing,cpc
109230029,Phone Call,Unique,2023-08-25T12:00:46-04:00,google,cpc
109205135,Phone Call,Unique,2023-08-25T08:31:14-04:00,google,cpc
109179240,Phone Call,Unique,2023-08-24T18:17:32-04:00,bing,cpc
109148776,Phone Call,Unique,2023-08-24T14:00:19-04:00,google,cpc
109072907,Web Form,Unique,2023-08-23T17:01:19-04:00,google,cpc
109065693,Phone Call,Unique,2023-08-23T16:05:54-04:00,bing,cpc
109042672,Phone Call,Unique,2023-08-23T13:19:16-04:00,google,cpc
109035469,Phone Call,Unique,2023-08-23T12:31:10-04:00,google,cpc
109034161,Phone Call,Unique,2023-08-23T12:22:35-04:00,bing,cpc
109017352,Web Form,Unique,2023-08-23T10:28:21-04:00,google,cpc
109009084,Phone Call,Unique,2023-08-23T09:22:03-04:00,google,cpc
108912060,Phone Call,Unique,2023-08-22T10:21:12-04:00,google,cpc
108869747,Phone Call,Unique,2023-08-21T17:50:23-04:00,google,cpc
108868554,Phone Call,Unique,2023-08-21T17:38:45-04:00,google,cpc
108866790,Phone Call,Unique,2023-08-21T17:23:13-04:00,google,cpc
108803851,Phone Call,Unique,2023-08-21T10:54:41-04:00,bing,cpc
108719329,Phone Call,Unique,2023-08-19T15:31:22-04:00,google,cpc
108717624,Web Form,Unique,2023-08-19T14:56:47-04:00,google,cpc
108715180,Web Form,Unique,2023-08-19T14:09:52-04:00,google,cpc
108661563,Phone Call,Unique,2023-08-18T15:16:55-04:00,google,cpc
108643673,Web Form,Unique,2023-08-18T12:55:50-04:00,google,cpc
108568988,Phone Call,Unique,2023-08-17T15:15:53-04:00,google,cpc
108483907,Phone Call,Unique,2023-08-16T17:01:05-04:00,google,cpc
108476226,Phone Call,Unique,2023-08-16T15:59:08-04:00,google,cpc
108326648,Phone Call,Unique,2023-08-15T10:28:53-04:00,google,cpc
108261653,Phone Call,Unique,2023-08-14T15:11:21-04:00,bing,cpc
108234471,Phone Call,Unique,2023-08-14T12:30:35-04:00,google,cpc
108221564,Phone Call,Unique,2023-08-14T11:21:04-04:00,google,cpc
108196338,Web Form,Unique,2023-08-14T08:32:40-04:00,google,cpc
108161758,Phone Call,Unique,2023-08-13T13:36:06-04:00,bing,cpc
108161107,Web Form,Unique,2023-08-13T13:20:21-04:00,google,cpc
108063893,Web Form,Unique,2023-08-11T14:04:01-04:00,bing,cpc
107965580,Phone Call,Unique,2023-08-10T13:30:23-04:00,google,cpc
107954272,Phone Call,Unique,2023-08-10T12:06:51-04:00,google,cpc
107904089,Web Form,Unique,2023-08-09T18:29:40-04:00,bing,cpc
107833578,Phone Call,Unique,2023-08-09T09:27:13-04:00,google,cpc
107795107,Phone Call,Unique,2023-08-08T16:50:14-04:00,google,cpc
107783086,Phone Call,Unique,2023-08-08T15:21:27-04:00,google,cpc
107777388,Phone Call,Unique,2023-08-08T14:42:36-04:00,google,cpc
107702065,Phone Call,Unique,2023-08-07T19:08:36-04:00,bing,cpc
107500163,Phone Call,Unique,2023-08-04T18:33:44-04:00,google,cpc
107388830,Phone Call,Unique,2023-08-03T16:08:43-04:00,bing,cpc
107374524,Phone Call,Unique,2023-08-03T14:21:48-04:00,google,cpc
107369413,Phone Call,Unique,2023-08-03T13:44:04-04:00,google,cpc
107358679,Phone Call,Unique,2023-08-03T12:28:58-04:00,bing,cpc
107298322,Phone Call,Unique,2023-08-02T17:18:26-04:00,google,cpc
107294096,Phone Call,Unique,2023-08-02T16:41:07-04:00,google,cpc
107278223,Phone Call,Unique,2023-08-02T14:45:55-04:00,google,cpc
107188951,Phone Call,Unique,2023-08-01T16:03:35-04:00,google,cpc
107147920,Phone Call,Unique,2023-08-01T11:20:40-04:00,google,cpc
107107284,Phone Call,Unique,2023-07-31T19:48:45-04:00,google,cpc
107092159,Phone Call,Unique,2023-07-31T16:50:43-04:00,google,cpc
107074739,Phone Call,Unique,2023-07-31T14:54:52-04:00,google,cpc
106998707,Web Form,Unique,2023-07-30T22:11:12-04:00,google,cpc
106951423,Phone Call,Unique,2023-07-29T16:11:39-04:00,bing,cpc
106891479,Phone Call,Unique,2023-07-28T15:19:37-04:00,google,cpc
106886929,Phone Call,Unique,2023-07-28T14:42:28-04:00,google,cpc
106869475,Phone Call,Unique,2023-07-28T12:26:06-04:00,google,cpc
106866070,Phone Call,Unique,2023-07-28T12:00:49-04:00,google,cpc
106865205,Phone Call,Unique,2023-07-28T11:54:10-04:00,google,cpc
106857266,Web Form,Unique,2023-07-28T10:56:40-04:00,google,cpc
106679139,Phone Call,Unique,2023-07-26T12:59:18-04:00,google,cpc
106572910,Web Form,Unique,2023-07-25T13:24:27-04:00,bing,cpc
106567451,Web Form,Unique,2023-07-25T13:05:15-04:00,bing,cpc
106340301,Phone Call,Unique,2023-07-23T15:08:13-04:00,google,cpc
106329487,Web Form,Unique,2023-07-23T10:13:37-04:00,bing,cpc
106277807,Web Form,Unique,2023-07-22T03:24:38-04:00,google,cpc
106237268,Phone Call,Unique,2023-07-21T14:08:16-04:00,bing,cpc
106128058,Phone Call,Unique,2023-07-20T12:38:48-04:00,google,cpc
106105447,Web Form,Unique,2023-07-20T10:00:03-04:00,google,cpc
106040162,Phone Call,Unique,2023-07-19T14:07:05-04:00,google,cpc
105976719,Web Form,Unique,2023-07-18T19:46:37-04:00,bing,cpc
105956305,Phone Call,Unique,2023-07-18T16:00:06-04:00,bing,cpc
105882173,Web Form,Unique,2023-07-18T07:06:14-04:00,bing,cpc
105840206,Web Form,Unique,2023-07-17T15:42:59-04:00,google,cpc
105825973,Phone Call,Unique,2023-07-17T14:14:06-04:00,google,cpc
105737429,Web Form,Unique,2023-07-16T13:29:23-04:00,bing,cpc
105718301,Web Form,Unique,2023-07-15T21:03:17-04:00,bing,cpc
105700380,Web Form,Unique,2023-07-15T13:26:11-04:00,google,cpc
105697773,Web Form,Unique,2023-07-15T12:40:45-04:00,google,cpc
105694208,Phone Call,Unique,2023-07-15T11:40:38-04:00,google,cpc
105688609,Web Form,Unique,2023-07-15T09:59:20-04:00,google,cpc
105687352,Web Form,Unique,2023-07-15T09:30:52-04:00,google,cpc
105657945,Phone Call,Unique,2023-07-14T16:39:39-04:00,bing,cpc
105641518,Phone Call,Unique,2023-07-14T14:25:23-04:00,google,cpc
105534927,Web Form,Unique,2023-07-13T13:03:45-04:00,google,cpc
105475533,Phone Call,Unique,2023-07-12T18:25:50-04:00,google,cpc
105432645,Phone Call,Unique,2023-07-12T12:43:21-04:00,bing,cpc
105420518,Web Form,Unique,2023-07-12T11:22:23-04:00,google,cpc
105405860,Phone Call,Unique,2023-07-12T09:33:45-04:00,google,cpc
105374749,Phone Call,Unique,2023-07-11T18:18:34-04:00,google,cpc
105305519,Phone Call,Unique,2023-07-11T09:50:58-04:00,bing,cpc
105111720,Web Form,Unique,2023-07-09T12:37:49-04:00,google,cpc
105088022,Web Form,Unique,2023-07-08T17:40:45-04:00,google,cpc
105039754,Web Form,Unique,2023-07-07T18:10:22-04:00,google,cpc
105015659,Web Form,Unique,2023-07-07T14:36:41-04:00,google,cpc
105003896,Web Form,Unique,2023-07-07T13:10:51-04:00,google,cpc
105001060,Web Form,Unique,2023-07-07T12:54:52-04:00,google,cpc
105000214,Phone Call,Unique,2023-07-07T12:49:53-04:00,google,cpc
104993913,Web Form,Unique,2023-07-07T12:11:38-04:00,bing,cpc
104901469,Phone Call,Unique,2023-07-06T13:09:52-04:00,bing,cpc
104877146,Phone Call,Unique,2023-07-06T10:33:17-04:00,bing,cpc
104870765,Web Form,Unique,2023-07-06T09:47:27-04:00,google,cpc
104859354,Web Form,Unique,2023-07-06T07:15:33-04:00,google,cpc
104829550,Phone Call,Unique,2023-07-05T17:03:36-04:00,google,cpc
104825432,Phone Call,Unique,2023-07-05T16:32:38-04:00,google,cpc
104824678,Web Form,Unique,2023-07-05T16:27:12-04:00,google,cpc
104816829,Phone Call,Unique,2023-07-05T15:34:08-04:00,google,cpc
104763272,Phone Call,Unique,2023-07-05T10:01:43-04:00,google,cpc
104762834,Phone Call,Unique,2023-07-05T09:58:29-04:00,google,cpc
104638277,Web Form,Unique,2023-07-03T12:07:53-04:00,google,cpc
104587052,Web Form,Unique,2023-07-02T17:41:50-04:00,google,cpc
104577646,Phone Call,Unique,2023-07-02T13:21:36-04:00,google,cpc
104572854,Web Form,Unique,2023-07-02T11:15:03-04:00,google,cpc
104569755,Web Form,Unique,2023-07-02T09:41:53-04:00,google,cpc
104557179,Web Form,Unique,2023-07-01T19:58:24-04:00,google,cpc
104539680,Web Form,Unique,2023-07-01T12:42:48-04:00,google,cpc
104535510,Phone Call,Unique,2023-07-01T11:27:28-04:00,google,cpc
104492755,Phone Call,Unique,2023-06-30T15:27:17-04:00,google,cpc
104478361,Web Form,Unique,2023-06-30T13:24:40-04:00,google,cpc
104445249,Web Form,Unique,2023-06-30T08:28:00-04:00,google,cpc
104413335,Phone Call,Unique,2023-06-29T16:35:11-04:00,bing,cpc
104383035,Phone Call,Unique,2023-06-29T12:34:20-04:00,google,cpc
104300379,Phone Call,Unique,2023-06-28T13:54:01-04:00,google,cpc
104257442,Web Form,Unique,2023-06-28T07:39:02-04:00,google,cpc
104197700,Web Form,Unique,2023-06-27T13:32:56-04:00,bing,cpc
104128304,Web Form,Unique,2023-06-26T17:55:29-04:00,google,cpc
104015774,Web Form,Unique,2023-06-25T19:51:02-04:00,google,cpc
103996140,Web Form,Unique,2023-06-25T10:48:27-04:00,google,cpc
103991991,Web Form,Unique,2023-06-25T08:22:33-04:00,google,cpc
103958527,Web Form,Unique,2023-06-24T12:21:55-04:00,google,cpc
103955499,Phone Call,Unique,2023-06-24T11:31:51-04:00,google,cpc
103954497,Web Form,Unique,2023-06-24T11:15:53-04:00,google,cpc
103931466,Phone Call,Unique,2023-06-23T18:50:12-04:00,google,cpc
103901328,Phone Call,Unique,2023-06-23T13:44:13-04:00,google,cpc
103890819,Web Form,Unique,2023-06-23T12:23:36-04:00,google,cpc
103884719,Web Form,Unique,2023-06-23T11:37:21-04:00,google,cpc
103833418,Phone Call,Unique,2023-06-22T16:46:05-04:00,google,cpc
103824513,Phone Call,Unique,2023-06-22T15:34:08-04:00,google,cpc
103796032,Phone Call,Unique,2023-06-22T12:00:36-04:00,google,cpc
103781459,Phone Call,Unique,2023-06-22T10:15:49-04:00,bing,cpc
103777910,Web Form,Unique,2023-06-22T09:47:07-04:00,google,cpc
103632771,Phone Call,Unique,2023-06-20T17:04:00-04:00,google,cpc
103628406,Web Form,Unique,2023-06-20T16:29:27-04:00,google,cpc
103597315,Phone Call,Unique,2023-06-20T12:55:50-04:00,google,cpc
103586725,Phone Call,Unique,2023-06-20T11:54:00-04:00,google,cpc
103569980,Phone Call,Unique,2023-06-20T10:15:27-04:00,google,cpc
103553527,Web Form,Unique,2023-06-20T06:57:51-04:00,google,cpc
103540648,Web Form,Unique,2023-06-19T21:22:34-04:00,google,cpc
103516396,Phone Call,Unique,2023-06-19T16:06:33-04:00,google,cpc
103515641,Web Form,Unique,2023-06-19T16:01:12-04:00,google,cpc
103501367,Web Form,Unique,2023-06-19T14:23:01-04:00,google,cpc
103487949,Phone Call,Unique,2023-06-19T12:56:57-04:00,google,cpc
103483148,Web Form,Unique,2023-06-19T12:26:31-04:00,google,cpc
103382132,Web Form,Unique,2023-06-17T13:23:42-04:00,google,cpc
103301176,Phone Call,Unique,2023-06-16T11:10:00-04:00,google,cpc
103287993,Phone Call,Unique,2023-06-16T09:13:05-04:00,bing,cpc
103263343,Web Form,Unique,2023-06-15T19:10:54-04:00,bing,cpc
103262813,Phone Call,Unique,2023-06-15T19:02:09-04:00,google,cpc
103253246,Phone Call,Unique,2023-06-15T17:03:21-04:00,google,cpc
103225408,Web Form,Unique,2023-06-15T13:26:31-04:00,google,cpc
103203006,Web Form,Unique,2023-06-15T10:46:12-04:00,google,cpc
103189764,Web Form,Unique,2023-06-15T08:44:57-04:00,bing,cpc
103168755,Web Form,Unique,2023-06-14T20:23:32-04:00,google,cpc
103065273,Phone Call,Unique,2023-06-13T20:02:23-04:00,google,cpc
103014343,Phone Call,Unique,2023-06-13T12:35:24-04:00,google,cpc
102995767,Web Form,Unique,2023-06-13T10:38:33-04:00,google,cpc
102883243,Web Form,Unique,2023-06-12T10:37:24-04:00,google,cpc
102840599,Web Form,Unique,2023-06-11T17:21:31-04:00,google,cpc
102821448,Web Form,Unique,2023-06-11T08:06:33-04:00,google,cpc
102779833,Web Form,Unique,2023-06-10T08:34:08-04:00,google,cpc
102778986,Web Form,Unique,2023-06-10T08:05:42-04:00,google,cpc
102744485,Phone Call,Unique,2023-06-09T15:28:36-04:00,google,cpc
102708170,Web Form,Unique,2023-06-09T10:51:01-04:00,google,cpc
102679200,Web Form,Unique,2023-06-08T22:06:57-04:00,bing,cpc
102664531,Phone Call,Unique,2023-06-08T17:22:32-04:00,google,cpc
102660657,Phone Call,Unique,2023-06-08T16:46:17-04:00,google,cpc
102633620,Phone Call,Unique,2023-06-08T13:21:38-04:00,google,cpc
102611172,Phone Call,Unique,2023-06-08T10:51:06-04:00,google,cpc
102604776,Phone Call,Unique,2023-06-08T10:07:40-04:00,google,cpc
102563644,Web Form,Unique,2023-06-07T17:01:49-04:00,google,cpc
102508459,Web Form,Unique,2023-06-07T10:17:01-04:00,google,cpc
102502811,Phone Call,Unique,2023-06-07T09:29:57-04:00,google,cpc
102354154,Web Form,Unique,2023-06-05T16:59:19-04:00,google,cpc
102327253,Web Form,Unique,2023-06-05T14:08:08-04:00,bing,cpc
102300878,Phone Call,Unique,2023-06-05T11:39:27-04:00,bing,cpc
102270874,Web Form,Unique,2023-06-05T08:15:07-04:00,google,cpc
102259249,Web Form,Unique,2023-06-05T00:05:55-04:00,google,cpc
102250308,Web Form,Unique,2023-06-04T18:11:29-04:00,google,cpc
102246827,Web Form,Unique,2023-06-04T16:27:39-04:00,google,cpc
102245843,Web Form,Unique,2023-06-04T15:59:24-04:00,google,cpc
102240313,Web Form,Unique,2023-06-04T13:31:22-04:00,google,cpc
102222072,Web Form,Unique,2023-06-03T21:25:08-04:00,google,cpc
102201181,Web Form,Unique,2023-06-03T12:33:00-04:00,google,cpc
102194174,Web Form,Unique,2023-06-03T10:29:41-04:00,google,cpc
102184622,Web Form,Unique,2023-06-03T04:37:40-04:00,google,cpc
102173682,Web Form,Unique,2023-06-02T19:12:39-04:00,google,cpc
102157365,Web Form,Unique,2023-06-02T15:56:55-04:00,google,cpc
102139173,Phone Call,Unique,2023-06-02T13:31:58-04:00,google,cpc
102102841,Web Form,Unique,2023-06-02T08:47:33-04:00,bing,cpc
102100905,Phone Call,Unique,2023-06-02T08:17:09-04:00,google,cpc
102041715,Phone Call,Unique,2023-06-01T13:22:11-04:00,google,cpc
101888840,Web Form,Unique,2023-05-31T04:36:09-04:00,google,cpc
101804234,Phone Call,Unique,2023-05-30T11:12:57-04:00,google,cpc
101776587,Phone Call,Unique,2023-05-30T07:53:14-04:00,google,cpc
101685779,Web Form,Unique,2023-05-28T09:00:12-04:00,google,cpc
101659800,Web Form,Unique,2023-05-27T13:17:54-04:00,google,cpc
101652366,Web Form,Unique,2023-05-27T10:50:08-04:00,google,cpc
101650018,Web Form,Unique,2023-05-27T10:01:33-04:00,google,cpc
101607377,Web Form,Unique,2023-05-26T14:31:44-04:00,bing,cpc
101603825,Phone Call,Unique,2023-05-26T14:03:00-04:00,google,cpc
101589373,Phone Call,Unique,2023-05-26T12:07:32-04:00,bing,cpc
101563439,Web Form,Unique,2023-05-26T07:31:16-04:00,google,cpc
101518463,Phone Call,Unique,2023-05-25T14:46:40-04:00,google,cpc
101515119,Phone Call,Unique,2023-05-25T14:21:56-04:00,google,cpc
101498882,Phone Call,Unique,2023-05-25T12:25:21-04:00,google,cpc
101484193,Web Form,Unique,2023-05-25T10:44:46-04:00,google,cpc
101396960,Phone Call,Unique,2023-05-24T11:52:03-04:00,google,cpc
101384235,Web Form,Unique,2023-05-24T10:20:45-04:00,google,cpc
101361302,Web Form,Unique,2023-05-24T00:55:49-04:00,bing,cpc
101313646,Phone Call,Unique,2023-05-23T13:52:09-04:00,google,cpc
101301262,Phone Call,Unique,2023-05-23T12:28:09-04:00,google,cpc
101277115,Web Form,Unique,2023-05-23T09:49:52-04:00,google,cpc
101266382,Web Form,Unique,2023-05-23T07:41:01-04:00,google,cpc
101247287,Web Form,Unique,2023-05-22T19:17:19-04:00,google,cpc
101215702,Phone Call,Unique,2023-05-22T14:45:27-04:00,google,cpc
101198531,Phone Call,Unique,2023-05-22T12:52:28-04:00,bing,cpc
101195541,Phone Call,Unique,2023-05-22T12:34:30-04:00,google,cpc
101182739,Phone Call,Unique,2023-05-22T11:19:27-04:00,bing,cpc
101174580,Web Form,Unique,2023-05-22T10:31:05-04:00,google,cpc
101124004,Web Form,Unique,2023-05-21T14:05:50-04:00,google,cpc
101115100,Web Form,Unique,2023-05-21T09:55:16-04:00,google,cpc
101095721,Web Form,Unique,2023-05-20T16:32:04-04:00,google,cpc
101012540,Phone Call,Unique,2023-05-19T11:59:18-04:00,google,cpc
100957263,Phone Call,Unique,2023-05-18T16:49:20-04:00,google,cpc
100914943,Web Form,Unique,2023-05-18T11:52:33-04:00,google,cpc
100863153,Phone Call,Unique,2023-05-17T17:56:57-04:00,google,cpc
100833303,Phone Call,Unique,2023-05-17T14:20:19-04:00,google,cpc
100831818,Phone Call,Unique,2023-05-17T14:09:36-04:00,google,cpc
100829641,Phone Call,Unique,2023-05-17T13:53:44-04:00,google,cpc
100803551,Web Form,Unique,2023-05-17T10:55:08-04:00,bing,cpc
100798765,Phone Call,Unique,2023-05-17T10:20:17-04:00,google,cpc
100794552,Phone Call,Unique,2023-05-17T09:48:13-04:00,bing,cpc
100792721,Phone Call,Unique,2023-05-17T09:32:56-04:00,google,cpc
100540527,Web Form,Unique,2023-05-14T18:55:34-04:00,google,cpc
100529784,Web Form,Unique,2023-05-14T13:45:51-04:00,google,cpc
100443372,Web Form,Unique,2023-05-12T15:22:05-04:00,google,cpc
100431651,Phone Call,Unique,2023-05-12T13:49:49-04:00,google,cpc
100428694,Web Form,Unique,2023-05-12T13:26:15-04:00,google,cpc
100398619,Web Form,Unique,2023-05-12T09:38:48-04:00,google,cpc
100298175,Web Form,Unique,2023-05-11T09:00:12-04:00,google,cpc
100297631,Phone Call,Unique,2023-05-11T08:52:49-04:00,google,cpc
100273274,Web Form,Unique,2023-05-10T18:57:19-04:00,bing,cpc
100243464,Phone Call,Unique,2023-05-10T14:33:02-04:00,google,cpc
100243376,Phone Call,Unique,2023-05-10T14:32:25-04:00,google,cpc
100213344,Web Form,Unique,2023-05-10T11:09:37-04:00,google,cpc
100162602,Phone Call,Unique,2023-05-09T17:27:05-04:00,google,cpc
100108471,Phone Call,Unique,2023-05-09T11:11:47-04:00,google,cpc
100107692,Web Form,Unique,2023-05-09T11:06:57-04:00,google,cpc
100101923,Web Form,Unique,2023-05-09T10:28:53-04:00,google,cpc
100018499,Phone Call,Unique,2023-05-08T13:25:33-04:00,google,cpc
100001640,Phone Call,Unique,2023-05-08T11:47:43-04:00,google,cpc
99975972,Phone Call,Unique,2023-05-08T09:08:39-04:00,google,cpc
99941390,Web Form,Unique,2023-05-07T13:30:40-04:00,google,cpc
99940099,Web Form,Unique,2023-05-07T12:58:00-04:00,google,cpc
99933536,Web Form,Unique,2023-05-07T10:03:38-04:00,google,cpc
99931538,Web Form,Unique,2023-05-07T08:54:58-04:00,google,cpc
99931183,Web Form,Unique,2023-05-07T08:39:40-04:00,google,cpc
99926775,Web Form,Unique,2023-05-07T03:29:30-04:00,google,cpc
99911861,Phone Call,Unique,2023-05-06T16:33:02-04:00,google,cpc
99903996,Web Form,Unique,2023-05-06T13:57:46-04:00,google,cpc
99881400,Web Form,Unique,2023-05-06T02:01:20-04:00,google,cpc
99865379,Web Form,Unique,2023-05-05T17:16:45-04:00,google,cpc
99799930,Web Form,Unique,2023-05-05T07:08:00-04:00,google,cpc
99793110,Web Form,Unique,2023-05-05T00:47:50-04:00,google,cpc
99735846,Web Form,Unique,2023-05-04T12:11:48-04:00,google,cpc
99680882,Phone Call,Unique,2023-05-03T17:24:58-04:00,bing,cpc
99678408,Phone Call,Unique,2023-05-03T17:02:47-04:00,google,cpc
99636197,Phone Call,Unique,2023-05-03T11:51:30-04:00,bing,cpc
99615764,Web Form,Unique,2023-05-03T09:20:10-04:00,bing,cpc
99575148,Phone Call,Unique,2023-05-02T16:31:33-04:00,google,cpc
99573681,Phone Call,Unique,2023-05-02T16:20:17-04:00,google,cpc
99567418,Web Form,Unique,2023-05-02T15:33:46-04:00,google,cpc
99552840,Phone Call,Unique,2023-05-02T13:53:32-04:00,google,cpc
99531519,Phone Call,Unique,2023-05-02T11:32:17-04:00,google,cpc
99519017,Phone Call,Unique,2023-05-02T10:12:29-04:00,bing,cpc
99517757,Web Form,Unique,2023-05-02T10:04:07-04:00,google,cpc
99513566,Web Form,Unique,2023-05-02T09:30:14-04:00,bing,cpc
99470163,Web Form,Unique,2023-05-01T16:37:47-04:00,google,cpc
99463005,Phone Call,Unique,2023-05-01T15:49:45-04:00,google,cpc
99444300,Phone Call,Unique,2023-05-01T13:51:22-04:00,google,cpc
99429356,Phone Call,Unique,2023-05-01T12:19:26-04:00,google,cpc
99372701,Web Form,Unique,2023-04-30T16:33:37-04:00,google,cpc
99314489,Web Form,Unique,2023-04-29T09:58:47-04:00,google,cpc
99311473,Web Form,Unique,2023-04-29T08:45:13-04:00,google,cpc
99299385,Web Form,Unique,2023-04-28T20:56:11-04:00,google,cpc
99259150,Web Form,Unique,2023-04-28T13:23:54-04:00,google,cpc
99229750,Web Form,Unique,2023-04-28T09:30:18-04:00,google,cpc
99219056,Web Form,Unique,2023-04-28T05:39:00-04:00,google,cpc
99203969,Phone Call,Unique,2023-04-27T18:54:21-04:00,bing,cpc
99175756,Phone Call,Unique,2023-04-27T15:42:28-04:00,google,cpc
99149951,Phone Call,Unique,2023-04-27T12:25:07-04:00,google,cpc
99097153,Web Form,Unique,2023-04-26T18:23:14-04:00,google,cpc
99064379,Web Form,Unique,2023-04-26T13:55:55-04:00,google,cpc
99059800,Phone Call,Unique,2023-04-26T13:33:24-04:00,google,cpc
99057469,Phone Call,Unique,2023-04-26T13:19:35-04:00,google,cpc
99047810,Phone Call,Unique,2023-04-26T12:42:09-04:00,google,cpc
99039584,Web Form,Unique,2023-04-26T11:45:11-04:00,google,cpc
98961374,Phone Call,Unique,2023-04-25T14:22:23-04:00,google,cpc
98948799,Web Form,Unique,2023-04-25T12:57:22-04:00,google,cpc
98948213,Phone Call,Unique,2023-04-25T12:52:59-04:00,google,cpc
98944257,Phone Call,Unique,2023-04-25T12:27:03-04:00,google,cpc
98936231,Web Form,Unique,2023-04-25T11:33:22-04:00,google,cpc
98894106,Web Form,Unique,2023-04-25T10:07:49-04:00,google,cpc
98787226,Phone Call,Unique,2023-04-24T17:36:27-04:00,google,cpc
98783770,Web Form,Unique,2023-04-24T17:22:31-04:00,google,cpc
98693127,Phone Call,Unique,2023-04-24T13:56:02-04:00,google,cpc
98647433,Web Form,Unique,2023-04-24T12:43:42-04:00,google,cpc
98635366,Phone Call,Unique,2023-04-24T11:34:20-04:00,google,cpc
98615145,Phone Call,Unique,2023-04-24T09:31:02-04:00,google,cpc
98610261,Phone Call,Unique,2023-04-24T08:53:23-04:00,google,cpc
98593525,Web Form,Unique,2023-04-23T22:13:46-04:00,google,cpc
98590859,Phone Call,Unique,2023-04-23T20:34:54-04:00,google,cpc
98575461,Web Form,Unique,2023-04-23T13:03:28-04:00,google,cpc
98570697,Web Form,Unique,2023-04-23T10:55:13-04:00,google,cpc
98499007,Web Form,Unique,2023-04-21T16:45:44-04:00,google,cpc
98464216,Phone Call,Unique,2023-04-21T11:54:36-04:00,google,cpc
98357820,Web Form,Unique,2023-04-20T15:04:07-04:00,bing,cpc
98345116,Web Form,Unique,2023-04-20T14:31:24-04:00,google,cpc
98342570,Web Form,Unique,2023-04-20T14:11:43-04:00,google,cpc
98310798,Phone Call,Unique,2023-04-20T10:27:13-04:00,google,cpc
98267866,Phone Call,Unique,2023-04-19T17:05:57-04:00,bing,cpc
98224854,Phone Call,Unique,2023-04-19T11:51:57-04:00,google,cpc
98065386,Phone Call,Unique,2023-04-17T17:47:11-04:00,bing,cpc
98053739,Web Form,Unique,2023-04-17T16:18:20-04:00,bing,cpc
98025146,Phone Call,Unique,2023-04-17T13:24:20-04:00,bing,cpc
98001509,Phone Call,Unique,2023-04-17T11:10:31-04:00,google,cpc
97967054,Web Form,Unique,2023-04-17T02:21:05-04:00,bing,cpc
97952021,Web Form,Unique,2023-04-16T16:19:32-04:00,google,cpc
97934782,Web Form,Unique,2023-04-16T08:30:52-04:00,google,cpc
97707177,Web Form,Unique,2023-04-13T10:18:45-04:00,bing,cpc
97673906,Web Form,Unique,2023-04-12T19:37:11-04:00,google,cpc
97665070,Phone Call,Unique,2023-04-12T17:37:45-04:00,bing,cpc
97634420,Phone Call,Unique,2023-04-12T13:52:08-04:00,google,cpc
97627689,Phone Call,Unique,2023-04-12T13:06:17-04:00,google,cpc
97543266,Phone Call,Unique,2023-04-11T15:31:55-04:00,google,cpc
97484118,Web Form,Unique,2023-04-11T08:36:44-04:00,google,cpc
97265957,Phone Call,Unique,2023-04-07T15:29:22-04:00,google,cpc
97222985,Phone Call,Unique,2023-04-07T08:31:37-04:00,google,cpc
97146038,Phone Call,Unique,2023-04-06T10:36:26-04:00,google,cpc
97085741,Phone Call,Unique,2023-04-05T15:05:11-04:00,google,cpc
97001620,Web Form,Unique,2023-04-04T16:52:30-04:00,google,cpc
96793471,Web Form,Unique,2023-04-02T15:28:44-04:00,google,cpc
96789762,Web Form,Unique,2023-04-02T14:08:36-04:00,google,cpc
96777546,Web Form,Unique,2023-04-02T08:18:36-04:00,google,cpc
96616791,Phone Call,Unique,2023-03-30T16:30:42-04:00,google,cpc
96587186,Web Form,Unique,2023-03-30T12:44:13-04:00,google,cpc
96581445,Phone Call,Unique,2023-03-30T12:02:31-04:00,google,cpc
96520930,Phone Call,Unique,2023-03-29T16:21:34-04:00,google,cpc
96517320,Phone Call,Unique,2023-03-29T15:55:11-04:00,google,cpc
96501667,Phone Call,Unique,2023-03-29T14:01:08-04:00,google,cpc
96499673,Phone Call,Unique,2023-03-29T13:46:39-04:00,google,cpc
96496977,Phone Call,Unique,2023-03-29T13:27:54-04:00,google,cpc
96496642,Phone Call,Unique,2023-03-29T13:25:39-04:00,google,cpc
96464198,Phone Call,Unique,2023-03-29T09:29:54-04:00,google,cpc
96428742,Web Form,Unique,2023-03-28T17:25:16-04:00,google,cpc
96333064,Web Form,Unique,2023-03-27T18:41:14-04:00,google,cpc
96306463,Phone Call,Unique,2023-03-27T15:06:45-04:00,google,cpc
96118497,Phone Call,Unique,2023-03-24T15:44:47-04:00,google,cpc
96101856,Phone Call,Unique,2023-03-24T13:32:28-04:00,google,cpc
96017151,Phone Call,Unique,2023-03-23T14:25:49-04:00,google,cpc
95991706,Phone Call,Unique,2023-03-23T11:36:50-04:00,google,cpc
95907432,Phone Call,Unique,2023-03-22T16:00:17-04:00,google,cpc
95870009,Phone Call,Unique,2023-03-22T11:47:52-04:00,google,cpc
95795474,Phone Call,Unique,2023-03-21T14:42:36-04:00,google,cpc
95789216,Phone Call,Unique,2023-03-21T13:58:38-04:00,google,cpc
95731975,Web Form,Unique,2023-03-20T22:10:30-04:00,bing,cpc
95720048,Phone Call,Unique,2023-03-20T18:10:16-04:00,google,cpc
95718942,Phone Call,Unique,2023-03-20T17:57:25-04:00,google,cpc
95673372,Web Form,Unique,2023-03-20T12:48:18-04:00,google,cpc
95533935,Phone Call,Unique,2023-03-18T10:28:32-04:00,bing,cpc
95484326,Phone Call,Unique,2023-03-17T14:01:43-04:00,bing,cpc
95468476,Phone Call,Unique,2023-03-17T11:54:59-04:00,bing,cpc
95418668,Phone Call,Unique,2023-03-16T17:21:45-04:00,google,cpc
95412746,Web Form,Unique,2023-03-16T16:25:44-04:00,google,cpc
95313465,Phone Call,Unique,2023-03-15T15:40:49-04:00,google,cpc
95245246,Web Form,Unique,2023-03-15T00:06:25-04:00,google,cpc
95216272,Phone Call,Unique,2023-03-14T16:01:11-04:00,google,cpc
95009285,Web Form,Unique,2023-03-12T10:42:33-04:00,google,cpc
94962347,Web Form,Unique,2023-03-11T08:25:14-05:00,google,cpc
94943288,Phone Call,Unique,2023-03-10T18:02:32-05:00,google,cpc
94847074,Phone Call,Unique,2023-03-09T16:55:35-05:00,google,cpc
94567605,Web Form,Unique,2023-03-07T07:14:38-05:00,google,cpc
94501666,Phone Call,Unique,2023-03-06T13:04:32-05:00,google,cpc
94471230,Phone Call,Unique,2023-03-06T10:17:31-05:00,google,cpc
94455071,Web Form,Unique,2023-03-06T08:11:24-05:00,google,cpc
94422148,Web Form,Unique,2023-03-05T14:32:47-05:00,google,cpc
94402100,Web Form,Unique,2023-03-05T00:07:29-05:00,google,cpc
94379319,Web Form,Unique,2023-03-04T13:00:43-05:00,google,cpc
94379275,Web Form,Unique,2023-03-04T13:00:03-05:00,google,cpc
94373851,Web Form,Unique,2023-03-04T11:35:46-05:00,google,cpc
94362662,Web Form,Unique,2023-03-04T07:47:43-05:00,google,cpc
94361854,Web Form,Unique,2023-03-04T07:13:33-05:00,bing,cpc
94335909,Phone Call,Unique,2023-03-03T16:24:40-05:00,google,cpc
94313849,Phone Call,Unique,2023-03-03T13:21:37-05:00,google,cpc
94298663,Web Form,Unique,2023-03-03T11:27:31-05:00,google,cpc
94277641,Web Form,Unique,2023-03-03T08:03:34-05:00,google,cpc
94229552,Phone Call,Unique,2023-03-02T14:35:07-05:00,google,cpc
94165752,Web Form,Unique,2023-03-02T05:42:08-05:00,google,cpc
94148131,Phone Call,Unique,2023-03-01T18:28:30-05:00,google,cpc
94144454,Web Form,Unique,2023-03-01T17:40:46-05:00,google,cpc
94134701,Web Form,Unique,2023-03-01T16:12:38-05:00,google,cpc
94127503,Phone Call,Unique,2023-03-01T15:17:46-05:00,google,cpc
94125609,Phone Call,Unique,2023-03-01T15:03:13-05:00,google,cpc
94108563,Phone Call,Unique,2023-03-01T12:57:37-05:00,google,cpc
94093197,Web Form,Unique,2023-03-01T11:10:06-05:00,bing,cpc
94026189,Phone Call,Unique,2023-02-28T15:19:16-05:00,google,cpc
94021609,Web Form,Unique,2023-02-28T14:45:57-05:00,bing,cpc
93989075,Phone Call,Unique,2023-02-28T10:59:26-05:00,google,cpc
93980258,Phone Call,Unique,2023-02-28T09:53:48-05:00,google,cpc
93978230,Phone Call,Unique,2023-02-28T09:36:55-05:00,google,cpc
93957900,Web Form,Unique,2023-02-27T22:22:00-05:00,google,cpc
93950758,Web Form,Unique,2023-02-27T19:20:01-05:00,bing,cpc
93893303,Web Form,Unique,2023-02-27T12:02:06-05:00,google,cpc
93826117,Web Form,Unique,2023-02-26T12:15:58-05:00,google,cpc
93823323,Web Form,Unique,2023-02-26T11:07:50-05:00,google,cpc
93790057,Web Form,Unique,2023-02-25T13:32:17-05:00,google,cpc
93778833,Web Form,Unique,2023-02-25T10:25:22-05:00,google,cpc
93777495,Phone Call,Unique,2023-02-25T10:00:29-05:00,google,cpc
93769509,Web Form,Unique,2023-02-25T04:38:25-05:00,google,cpc
93763597,Web Form,Unique,2023-02-24T21:27:17-05:00,google,cpc
93725950,Phone Call,Unique,2023-02-24T13:27:41-05:00,google,cpc
93698242,Web Form,Unique,2023-02-24T09:43:08-05:00,google,cpc
93697881,Phone Call,Unique,2023-02-24T09:39:42-05:00,google,cpc
93695838,Phone Call,Unique,2023-02-24T09:18:06-05:00,bing,cpc
93678155,Web Form,Unique,2023-02-23T21:27:20-05:00,google,cpc
93673100,Web Form,Unique,2023-02-23T19:11:03-05:00,google,cpc
93668323,Phone Call,Unique,2023-02-23T17:52:40-05:00,google,cpc
93649417,Phone Call,Unique,2023-02-23T15:00:14-05:00,google,cpc
93602963,Phone Call,Unique,2023-02-23T08:40:47-05:00,google,cpc
93465838,Phone Call,Unique,2023-02-22T11:52:44-05:00,google,cpc
93456459,Web Form,Unique,2023-02-22T10:42:46-05:00,google,cpc
93379084,Phone Call,Unique,2023-02-21T12:48:35-05:00,google,cpc
93371776,Web Form,Unique,2023-02-21T11:54:14-05:00,google,cpc
93345874,Web Form,Unique,2023-02-21T07:13:50-05:00,bing,cpc
93303931,Web Form,Unique,2023-02-20T14:20:49-05:00,google,cpc
93303314,Phone Call,Unique,2023-02-20T14:15:17-05:00,google,cpc
93243272,Web Form,Unique,2023-02-19T19:20:06-05:00,google,cpc
93236987,Web Form,Unique,2023-02-19T16:11:47-05:00,google,cpc
93228086,Web Form,Unique,2023-02-19T12:19:02-05:00,google,cpc
93220883,Web Form,Unique,2023-02-19T08:52:18-05:00,google,cpc
93204242,Web Form,Unique,2023-02-18T17:12:42-05:00,google,cpc
93201673,Web Form,Unique,2023-02-18T16:08:58-05:00,google,cpc
93181734,Web Form,Unique,2023-02-18T09:36:10-05:00,google,cpc
93139229,Web Form,Unique,2023-02-17T14:03:02-05:00,google,cpc
93109431,Web Form,Unique,2023-02-17T09:31:53-05:00,google,cpc
93046798,Web Form,Unique,2023-02-16T12:26:51-05:00,google,cpc
93029857,Web Form,Unique,2023-02-16T10:05:49-05:00,bing,cpc
93021440,Web Form,Unique,2023-02-16T08:19:58-05:00,google,cpc
92998825,Phone Call,Unique,2023-02-15T18:13:34-05:00,google,cpc
92991535,Web Form,Unique,2023-02-15T16:44:19-05:00,bing,cpc
92981479,Phone Call,Unique,2023-02-15T15:11:37-05:00,google,cpc
92942421,Phone Call,Unique,2023-02-15T09:47:04-05:00,google,cpc
92941646,Phone Call,Unique,2023-02-15T09:39:09-05:00,google,cpc
92916435,Web Form,Unique,2023-02-14T18:55:26-05:00,google,cpc
92913509,Phone Call,Unique,2023-02-14T18:00:03-05:00,google,cpc
92913449,Phone Call,Unique,2023-02-14T17:58:50-05:00,google,cpc
92909505,Web Form,Unique,2023-02-14T17:05:54-05:00,google,cpc
92899262,Phone Call,Unique,2023-02-14T15:25:33-05:00,bing,cpc
92885675,Web Form,Unique,2023-02-14T13:23:09-05:00,google,cpc
92884653,Web Form,Unique,2023-02-14T13:13:40-05:00,google,cpc
92808543,Phone Call,Unique,2023-02-13T15:25:19-05:00,google,cpc
92762358,Phone Call,Unique,2023-02-13T10:09:20-05:00,google,cpc
92761887,Web Form,Unique,2023-02-13T10:05:33-05:00,google,cpc
92690381,Web Form,Unique,2023-02-11T13:51:18-05:00,bing,cpc
92681270,Phone Call,Unique,2023-02-11T10:56:48-05:00,google,cpc
92681035,Web Form,Unique,2023-02-11T10:52:15-05:00,google,cpc
92680072,Web Form,Unique,2023-02-11T10:33:22-05:00,google,cpc
92674382,Web Form,Unique,2023-02-11T08:11:22-05:00,google,cpc
92659612,Web Form,Unique,2023-02-10T18:43:21-05:00,google,cpc
92584755,Web Form,Unique,2023-02-09T19:04:49-05:00,google,cpc
92525631,Web Form,Unique,2023-02-09T09:25:39-05:00,google,cpc
92492772,Phone Call,Unique,2023-02-08T17:00:17-05:00,google,cpc
92389887,Phone Call,Unique,2023-02-07T15:16:42-05:00,google,cpc
92378629,Phone Call,Unique,2023-02-07T13:52:02-05:00,google,cpc
92356999,Phone Call,Unique,2023-02-07T11:19:36-05:00,google,cpc
92312837,Web Form,Unique,2023-02-06T18:07:02-05:00,google,cpc
92309734,Web Form,Unique,2023-02-06T17:31:11-05:00,bing,cpc
92298964,Phone Call,Unique,2023-02-06T16:02:29-05:00,google,cpc
92278339,Phone Call,Unique,2023-02-06T13:44:28-05:00,google,cpc
92260660,Phone Call,Unique,2023-02-06T11:52:06-05:00,bing,cpc
92239006,Phone Call,Unique,2023-02-06T09:32:40-05:00,google,cpc
92203481,Web Form,Unique,2023-02-05T14:59:57-05:00,google,cpc
92173783,Web Form,Unique,2023-02-04T18:13:05-05:00,bing,cpc
92162104,Phone Call,Unique,2023-02-04T13:58:55-05:00,google,cpc
92152231,Phone Call,Unique,2023-02-04T11:21:20-05:00,google,cpc
92149777,Web Form,Unique,2023-02-04T10:43:58-05:00,google,cpc
92076986,Phone Call,Unique,2023-02-03T11:04:28-05:00,google,cpc
91935096,Phone Call,Unique,2023-02-01T16:24:04-05:00,google,cpc
91932584,Phone Call,Unique,2023-02-01T16:03:02-05:00,google,cpc
91918182,Phone Call,Unique,2023-02-01T14:08:23-05:00,bing,cpc
91897408,Web Form,Unique,2023-02-01T11:27:17-05:00,bing,cpc
91892893,Web Form,Unique,2023-02-01T10:53:22-05:00,google,cpc
91891210,Phone Call,Unique,2023-02-01T10:39:50-05:00,bing,cpc
91861617,Web Form,Unique,2023-01-31T20:57:34-05:00,google,cpc
91765061,Web Form,Unique,2023-01-30T19:39:37-05:00,google,cpc
91752358,Phone Call,Unique,2023-01-30T16:50:51-05:00,google,cpc
91740119,Phone Call,Unique,2023-01-30T15:19:38-05:00,google,cpc
91657418,Web Form,Unique,2023-01-29T16:32:54-05:00,google,cpc
91556254,Phone Call,Unique,2023-01-27T14:12:22-05:00,google,cpc
91438585,Phone Call,Unique,2023-01-26T09:29:29-05:00,google,cpc
91353798,Web Form,Unique,2023-01-25T10:33:13-05:00,google,cpc
91277178,Web Form,Unique,2023-01-24T12:14:24-05:00,google,cpc
91250137,Phone Call,Unique,2023-01-24T08:05:32-05:00,google,cpc
91108721,Web Form,Unique,2023-01-22T16:46:57-05:00,google,cpc
91041482,Phone Call,Unique,2023-01-21T09:11:10-05:00,google,cpc
91034406,Web Form,Unique,2023-01-21T03:30:54-05:00,bing,cpc
90946481,Web Form,Unique,2023-01-20T01:29:33-05:00,bing,cpc
90918219,Phone Call,Unique,2023-01-19T15:50:08-05:00,bing,cpc
90765543,Web Form,Unique,2023-01-18T07:12:03-05:00,bing,cpc
90763247,Web Form,Unique,2023-01-18T06:00:01-05:00,bing,cpc
90761991,Web Form,Unique,2023-01-18T05:05:15-05:00,bing,cpc
90717408,Phone Call,Unique,2023-01-17T14:36:33-05:00,bing,cpc
90662611,Web Form,Unique,2023-01-17T05:44:56-05:00,bing,cpc
90618108,Phone Call,Unique,2023-01-16T14:22:05-05:00,bing,cpc
90528175,Phone Call,Unique,2023-01-15T10:11:38-05:00,google,cpc
90521144,Web Form,Unique,2023-01-15T04:05:06-05:00,bing,cpc
90505730,Phone Call,Unique,2023-01-14T16:43:17-05:00,bing,cpc
90486543,Web Form,Unique,2023-01-14T11:00:41-05:00,bing,cpc
90473218,Web Form,Unique,2023-01-14T03:14:56-05:00,bing,cpc
90470369,Web Form,Unique,2023-01-13T23:46:39-05:00,google,cpc
90433882,Phone Call,Unique,2023-01-13T13:55:56-05:00,google,cpc
90389714,Web Form,Unique,2023-01-13T04:12:52-05:00,bing,cpc
90349522,Phone Call,Unique,2023-01-12T14:35:48-05:00,bing,cpc
90301305,Web Form,Unique,2023-01-12T06:40:48-05:00,bing,cpc
90299841,Web Form,Unique,2023-01-12T05:59:17-05:00,bing,cpc
90295738,Web Form,Unique,2023-01-12T02:38:19-05:00,bing,cpc
90213426,Phone Call,Unique,2023-01-11T09:11:49-05:00,google,cpc
90186742,Phone Call,Unique,2023-01-10T19:06:06-05:00,google,cpc
90186072,Phone Call,Unique,2023-01-10T18:54:40-05:00,google,cpc
90171197,Web Form,Unique,2023-01-10T16:12:43-05:00,google,cpc
90150361,Phone Call,Unique,2023-01-10T13:38:51-05:00,google,cpc
90144484,Phone Call,Unique,2023-01-10T12:56:37-05:00,google,cpc
90100668,Web Form,Unique,2023-01-10T02:07:04-05:00,bing,cpc
89968611,Web Form,Unique,2023-01-08T14:35:43-05:00,bing,cpc
89953908,Phone Call,Unique,2023-01-08T09:12:30-05:00,google,cpc
89932306,Web Form,Unique,2023-01-07T17:02:10-05:00,google,cpc
89907331,Web Form,Unique,2023-01-07T09:49:09-05:00,google,cpc
89902111,Web Form,Unique,2023-01-07T07:28:38-05:00,bing,cpc
89893779,Web Form,Unique,2023-01-06T22:53:26-05:00,bing,cpc
89881270,Phone Call,Unique,2023-01-06T17:47:27-05:00,google,cpc
89869421,Phone Call,Unique,2023-01-06T15:43:24-05:00,google,cpc
89862577,Web Form,Unique,2023-01-06T14:46:30-05:00,google,cpc
89855798,Phone Call,Unique,2023-01-06T13:51:46-05:00,google,cpc
89826049,Web Form,Unique,2023-01-06T09:52:04-05:00,google,cpc
89811623,Web Form,Unique,2023-01-06T04:22:24-05:00,bing,cpc
89810970,Web Form,Unique,2023-01-06T03:46:52-05:00,bing,cpc
89810100,Web Form,Unique,2023-01-06T02:34:14-05:00,bing,cpc
89789701,Web Form,Unique,2023-01-05T17:22:33-05:00,google,cpc
89787653,Phone Call,Unique,2023-01-05T17:00:44-05:00,bing,cpc
89759508,Phone Call,Unique,2023-01-05T13:15:22-05:00,google,cpc
89743397,Web Form,Unique,2023-01-05T11:14:05-05:00,bing,cpc
89615366,Web Form,Unique,2023-01-04T03:04:43-05:00,bing,cpc
89615214,Web Form,Unique,2023-01-04T02:55:26-05:00,bing,cpc
89614854,Web Form,Unique,2023-01-04T02:29:49-05:00,bing,cpc
89613768,Web Form,Unique,2023-01-04T01:14:40-05:00,bing,cpc
89537804,Web Form,Unique,2023-01-03T11:10:52-05:00,google,cpc
89450463,Web Form,Unique,2023-01-02T10:32:58-05:00,bing,cpc
